city,dataset_size,N,K,A_rows,A_cols,A_bytes,A_TB_decimal,A_TiB
rome,2000,2000,20,79960000,40000,25587200000000,25.5872,23.2714228332043
rome,4000,4000,20,319920000,80000,204748800000000,204.7488,186.217948794365
rome,6000,6000,20,719880000,120000,691084800000000,691.0848,628.537964075804
nyc,2000,2000,20,79960000,40000,25587200000000,25.5872,23.2714228332043
nyc,4000,4000,20,319920000,80000,204748800000000,204.7488,186.217948794365
nyc,6000,6000,20,719880000,120000,691084800000000,691.0848,628.537964075804
london,2000,2000,20,79960000,40000,25587200000000,25.5872,23.2714228332043
london,4000,4000,20,319920000,80000,204748800000000,204.7488,186.217948794365
london,6000,6000,20,719880000,120000,691084800000000,691.0848,628.537964075804
