"city","node_count","user_id","repeat_id","epsilon","method","status","memory_cost_bytes","runtime_sec","detail"
"rome","2000","1","1","4","EM","ok","656000","0.0065269","loss=7286.8855; mem_delta=327680; major_bytes=656000"
"rome","2000","1","1","4","Laplace","ok","640000","0.0271004","loss=3.7337028; time_laplace=0.003971; mem_delta=5369856; major_bytes=640000"
"rome","2000","1","1","4","RMP","ok","976488","0.043365","loss=5994.9845; mem_delta=56004608; major_bytes=976488"
"rome","2000","1","1","4","LP","estimated_infeasible","25587200000000","NaN","Dense full-LP A estimate only: rows=7.996e+07; cols=40000; bytes=2.55872e+13"
"rome","2000","1","1","4","LP-A","estimated","392000000","NaN","LP-A coarse dense A estimate only: coarse_records=50; obf=20; rows=49000; cols=1000; bytes=3.92e+08"
"rome","2000","1","1","4","COPT","not_available","NaN","NaN","COPT implementation is not present in the provided baseline folder"
"rome","2000","1","1","7","EM","ok","656000","0.0017165","loss=7152.7003; mem_delta=0; major_bytes=656000"
"rome","2000","1","1","7","Laplace","ok","640000","0.0060332","loss=3.7333129; time_laplace=0.001509; mem_delta=0; major_bytes=640000"
"rome","2000","1","1","7","RMP","ok","976488","0.0444287","loss=5898.7543; mem_delta=0; major_bytes=976488"
"rome","2000","1","1","7","LP","estimated_infeasible","25587200000000","NaN","Dense full-LP A estimate only: rows=7.996e+07; cols=40000; bytes=2.55872e+13"
"rome","2000","1","1","7","LP-A","estimated","392000000","NaN","LP-A coarse dense A estimate only: coarse_records=50; obf=20; rows=49000; cols=1000; bytes=3.92e+08"
"rome","2000","1","1","7","COPT","not_available","NaN","NaN","COPT implementation is not present in the provided baseline folder"
"rome","2000","1","1","10","EM","ok","656000","0.0013034","loss=7058.2901; mem_delta=0; major_bytes=656000"
"rome","2000","1","1","10","Laplace","ok","640000","0.0026901","loss=3.7330895; time_laplace=0.00138; mem_delta=0; major_bytes=640000"
"rome","2000","1","1","10","RMP","ok","976488","0.0368286","loss=5816.7359; mem_delta=0; major_bytes=976488"
"rome","2000","1","1","10","LP","estimated_infeasible","25587200000000","NaN","Dense full-LP A estimate only: rows=7.996e+07; cols=40000; bytes=2.55872e+13"
"rome","2000","1","1","10","LP-A","estimated","392000000","NaN","LP-A coarse dense A estimate only: coarse_records=50; obf=20; rows=49000; cols=1000; bytes=3.92e+08"
"rome","2000","1","1","10","COPT","not_available","NaN","NaN","COPT implementation is not present in the provided baseline folder"
"rome","2000","1","1","4","PAnDA","skipped","NaN","NaN","MEMTABLE_RUN_PANDA=false"
"rome","2000","1","1","7","PAnDA","skipped","NaN","NaN","MEMTABLE_RUN_PANDA=false"
"rome","2000","1","1","10","PAnDA","skipped","NaN","NaN","MEMTABLE_RUN_PANDA=false"
"rome","4000","1","1","4","EM","ok","1312000","0.0063536","loss=18311.665; mem_delta=0; major_bytes=1312000"
"rome","4000","1","1","4","Laplace","ok","1280000","0.0030191","loss=4.6064439; time_laplace=0.001394; mem_delta=1032192; major_bytes=1280000"
"rome","4000","1","1","4","RMP","ok","1952488","0.2138562","loss=18044.296; mem_delta=4096; major_bytes=1952488"
"rome","4000","1","1","4","LP","estimated_infeasible","204748800000000","NaN","Dense full-LP A estimate only: rows=3.1992e+08; cols=80000; bytes=2.04749e+14"
"rome","4000","1","1","4","LP-A","estimated","392000000","NaN","LP-A coarse dense A estimate only: coarse_records=50; obf=20; rows=49000; cols=1000; bytes=3.92e+08"
"rome","4000","1","1","4","COPT","not_available","NaN","NaN","COPT implementation is not present in the provided baseline folder"
"rome","4000","1","1","7","EM","ok","1312000","0.0038861","loss=18242.778; mem_delta=-25808896; major_bytes=1312000"
"rome","4000","1","1","7","Laplace","ok","1280000","0.0124655","loss=4.6078839; time_laplace=0.005059; mem_delta=135168; major_bytes=1280000"
"rome","4000","1","1","7","RMP","ok","1952488","0.1903488","loss=18035.226; mem_delta=0; major_bytes=1952488"
"rome","4000","1","1","7","LP","estimated_infeasible","204748800000000","NaN","Dense full-LP A estimate only: rows=3.1992e+08; cols=80000; bytes=2.04749e+14"
"rome","4000","1","1","7","LP-A","estimated","392000000","NaN","LP-A coarse dense A estimate only: coarse_records=50; obf=20; rows=49000; cols=1000; bytes=3.92e+08"
"rome","4000","1","1","7","COPT","not_available","NaN","NaN","COPT implementation is not present in the provided baseline folder"
"rome","4000","1","1","10","EM","ok","1312000","0.0024406","loss=18187.036; mem_delta=0; major_bytes=1312000"
"rome","4000","1","1","10","Laplace","ok","1280000","0.0013344","loss=4.6092867; time_laplace=0.0008997; mem_delta=0; major_bytes=1280000"
"rome","4000","1","1","10","RMP","ok","1952488","0.2531657","loss=18007.587; mem_delta=0; major_bytes=1952488"
"rome","4000","1","1","10","LP","estimated_infeasible","204748800000000","NaN","Dense full-LP A estimate only: rows=3.1992e+08; cols=80000; bytes=2.04749e+14"
"rome","4000","1","1","10","LP-A","estimated","392000000","NaN","LP-A coarse dense A estimate only: coarse_records=50; obf=20; rows=49000; cols=1000; bytes=3.92e+08"
"rome","4000","1","1","10","COPT","not_available","NaN","NaN","COPT implementation is not present in the provided baseline folder"
"rome","4000","1","1","4","PAnDA","skipped","NaN","NaN","MEMTABLE_RUN_PANDA=false"
"rome","4000","1","1","7","PAnDA","skipped","NaN","NaN","MEMTABLE_RUN_PANDA=false"
"rome","4000","1","1","10","PAnDA","skipped","NaN","NaN","MEMTABLE_RUN_PANDA=false"
"rome","6000","1","1","4","EM","ok","1968000","0.0036102","loss=23966.084; mem_delta=0; major_bytes=1968000"
"rome","6000","1","1","4","Laplace","ok","1920000","0.0016399","loss=4.0010042; time_laplace=0.001332; mem_delta=2187264; major_bytes=1920000"
"rome","6000","1","1","4","RMP","ok","2928488","0.594676","loss=23746.759; mem_delta=73728; major_bytes=2928488"
"rome","6000","1","1","4","LP","estimated_infeasible","691084800000000","NaN","Dense full-LP A estimate only: rows=7.1988e+08; cols=120000; bytes=6.91085e+14"
"rome","6000","1","1","4","LP-A","estimated","392000000","NaN","LP-A coarse dense A estimate only: coarse_records=50; obf=20; rows=49000; cols=1000; bytes=3.92e+08"
"rome","6000","1","1","4","COPT","not_available","NaN","NaN","COPT implementation is not present in the provided baseline folder"
"rome","6000","1","1","7","EM","ok","1968000","0.0060041","loss=23934.941; mem_delta=0; major_bytes=1968000"
"rome","6000","1","1","7","Laplace","ok","1920000","0.0014384","loss=3.9998318; time_laplace=0.001012; mem_delta=131072; major_bytes=1920000"
"rome","6000","1","1","7","RMP","ok","2928488","0.4955137","loss=23746.759; mem_delta=0; major_bytes=2928488"
"rome","6000","1","1","7","LP","estimated_infeasible","691084800000000","NaN","Dense full-LP A estimate only: rows=7.1988e+08; cols=120000; bytes=6.91085e+14"
"rome","6000","1","1","7","LP-A","estimated","392000000","NaN","LP-A coarse dense A estimate only: coarse_records=50; obf=20; rows=49000; cols=1000; bytes=3.92e+08"
"rome","6000","1","1","7","COPT","not_available","NaN","NaN","COPT implementation is not present in the provided baseline folder"
"rome","6000","1","1","10","EM","ok","1968000","0.0036017","loss=23907.135; mem_delta=0; major_bytes=1968000"
"rome","6000","1","1","10","Laplace","ok","1920000","0.0012506","loss=3.9985068; time_laplace=0.0009737; mem_delta=0; major_bytes=1920000"
"rome","6000","1","1","10","RMP","ok","2928488","0.4957123","loss=23746.759; mem_delta=0; major_bytes=2928488"
"rome","6000","1","1","10","LP","estimated_infeasible","691084800000000","NaN","Dense full-LP A estimate only: rows=7.1988e+08; cols=120000; bytes=6.91085e+14"
"rome","6000","1","1","10","LP-A","estimated","392000000","NaN","LP-A coarse dense A estimate only: coarse_records=50; obf=20; rows=49000; cols=1000; bytes=3.92e+08"
"rome","6000","1","1","10","COPT","not_available","NaN","NaN","COPT implementation is not present in the provided baseline folder"
"rome","6000","1","1","4","PAnDA","skipped","NaN","NaN","MEMTABLE_RUN_PANDA=false"
"rome","6000","1","1","7","PAnDA","skipped","NaN","NaN","MEMTABLE_RUN_PANDA=false"
"rome","6000","1","1","10","PAnDA","skipped","NaN","NaN","MEMTABLE_RUN_PANDA=false"
"london","2000","1","1","4","EM","ok","656000","0.0012429","loss=6756.4081; mem_delta=0; major_bytes=656000"
"london","2000","1","1","4","Laplace","ok","640000","0.000876","loss=3.5982537; time_laplace=0.0006377; mem_delta=0; major_bytes=640000"
"london","2000","1","1","4","RMP","ok","976488","0.0407427","loss=6367.5386; mem_delta=0; major_bytes=976488"
"london","2000","1","1","4","LP","estimated_infeasible","25587200000000","NaN","Dense full-LP A estimate only: rows=7.996e+07; cols=40000; bytes=2.55872e+13"
"london","2000","1","1","4","LP-A","estimated","522720000","NaN","LP-A coarse dense A estimate only: coarse_records=55; obf=20; rows=59400; cols=1100; bytes=5.2272e+08"
"london","2000","1","1","4","COPT","not_available","NaN","NaN","COPT implementation is not present in the provided baseline folder"
"london","2000","1","1","7","EM","ok","656000","0.0012957","loss=6494.8336; mem_delta=0; major_bytes=656000"
"london","2000","1","1","7","Laplace","ok","640000","0.0010056","loss=3.5951913; time_laplace=0.0007804; mem_delta=0; major_bytes=640000"
"london","2000","1","1","7","RMP","ok","976488","0.0282772","loss=6268.909; mem_delta=0; major_bytes=976488"
"london","2000","1","1","7","LP","estimated_infeasible","25587200000000","NaN","Dense full-LP A estimate only: rows=7.996e+07; cols=40000; bytes=2.55872e+13"
"london","2000","1","1","7","LP-A","estimated","522720000","NaN","LP-A coarse dense A estimate only: coarse_records=55; obf=20; rows=59400; cols=1100; bytes=5.2272e+08"
"london","2000","1","1","7","COPT","not_available","NaN","NaN","COPT implementation is not present in the provided baseline folder"
"london","2000","1","1","10","EM","ok","656000","0.001364","loss=6361.6609; mem_delta=0; major_bytes=656000"
"london","2000","1","1","10","Laplace","ok","640000","0.0011206","loss=3.5924587; time_laplace=0.0008508; mem_delta=0; major_bytes=640000"
"london","2000","1","1","10","RMP","ok","976488","0.0367515","loss=6185.0901; mem_delta=0; major_bytes=976488"
"london","2000","1","1","10","LP","estimated_infeasible","25587200000000","NaN","Dense full-LP A estimate only: rows=7.996e+07; cols=40000; bytes=2.55872e+13"
"london","2000","1","1","10","LP-A","estimated","522720000","NaN","LP-A coarse dense A estimate only: coarse_records=55; obf=20; rows=59400; cols=1100; bytes=5.2272e+08"
"london","2000","1","1","10","COPT","not_available","NaN","NaN","COPT implementation is not present in the provided baseline folder"
"london","4000","1","1","4","EM","ok","1312000","0.003438","loss=7156.5919; mem_delta=0; major_bytes=1312000"
"london","4000","1","1","4","Laplace","ok","1280000","0.0017547","loss=1.7997809; time_laplace=0.001366; mem_delta=0; major_bytes=1280000"
"london","4000","1","1","4","RMP","ok","1952488","0.2544967","loss=7017.3274; mem_delta=0; major_bytes=1952488"
"london","4000","1","1","4","LP","estimated_infeasible","204748800000000","NaN","Dense full-LP A estimate only: rows=3.1992e+08; cols=80000; bytes=2.04749e+14"
"london","4000","1","1","4","LP-A","estimated","522720000","NaN","LP-A coarse dense A estimate only: coarse_records=55; obf=20; rows=59400; cols=1100; bytes=5.2272e+08"
"london","4000","1","1","4","COPT","not_available","NaN","NaN","COPT implementation is not present in the provided baseline folder"
"london","4000","1","1","7","EM","ok","1312000","0.0055686","loss=7125.2607; mem_delta=0; major_bytes=1312000"
"london","4000","1","1","7","Laplace","ok","1280000","0.0011156","loss=1.7991358; time_laplace=0.0008329; mem_delta=0; major_bytes=1280000"
"london","4000","1","1","7","RMP","ok","1952488","0.1894249","loss=7017.3274; mem_delta=0; major_bytes=1952488"
"london","4000","1","1","7","LP","estimated_infeasible","204748800000000","NaN","Dense full-LP A estimate only: rows=3.1992e+08; cols=80000; bytes=2.04749e+14"
"london","4000","1","1","7","LP-A","estimated","522720000","NaN","LP-A coarse dense A estimate only: coarse_records=55; obf=20; rows=59400; cols=1100; bytes=5.2272e+08"
"london","4000","1","1","7","COPT","not_available","NaN","NaN","COPT implementation is not present in the provided baseline folder"
"london","4000","1","1","10","EM","ok","1312000","0.0036414","loss=7099.2053; mem_delta=0; major_bytes=1312000"
"london","4000","1","1","10","Laplace","ok","1280000","0.0011725","loss=1.7985269; time_laplace=0.0008787; mem_delta=0; major_bytes=1280000"
"london","4000","1","1","10","RMP","ok","1952488","0.2363073","loss=7011.192; mem_delta=0; major_bytes=1952488"
"london","4000","1","1","10","LP","estimated_infeasible","204748800000000","NaN","Dense full-LP A estimate only: rows=3.1992e+08; cols=80000; bytes=2.04749e+14"
"london","4000","1","1","10","LP-A","estimated","522720000","NaN","LP-A coarse dense A estimate only: coarse_records=55; obf=20; rows=59400; cols=1100; bytes=5.2272e+08"
"london","4000","1","1","10","COPT","not_available","NaN","NaN","COPT implementation is not present in the provided baseline folder"
"london","4000","1","1","4","PAnDA","skipped","NaN","NaN","MEMTABLE_RUN_PANDA=false"
"london","4000","1","1","7","PAnDA","skipped","NaN","NaN","MEMTABLE_RUN_PANDA=false"
"london","4000","1","1","10","PAnDA","skipped","NaN","NaN","MEMTABLE_RUN_PANDA=false"
"london","6000","1","1","4","EM","ok","1968000","0.0144911","loss=4175.9294; mem_delta=0; major_bytes=1968000"
"london","6000","1","1","4","Laplace","ok","1920000","0.0038405","loss=0.71258846; time_laplace=0.00115; mem_delta=0; major_bytes=1920000"
"london","6000","1","1","4","RMP","ok","2928488","0.6161159","loss=4091.1067; mem_delta=0; major_bytes=2928488"
"london","6000","1","1","4","LP","estimated_infeasible","691084800000000","NaN","Dense full-LP A estimate only: rows=7.1988e+08; cols=120000; bytes=6.91085e+14"
"london","6000","1","1","4","LP-A","estimated","522720000","NaN","LP-A coarse dense A estimate only: coarse_records=55; obf=20; rows=59400; cols=1100; bytes=5.2272e+08"
"london","6000","1","1","4","COPT","not_available","NaN","NaN","COPT implementation is not present in the provided baseline folder"
"london","6000","1","1","7","EM","ok","1968000","0.0045423","loss=4101.6829; mem_delta=0; major_bytes=1968000"
"london","6000","1","1","7","Laplace","ok","1920000","0.0012107","loss=0.71232367; time_laplace=0.000889; mem_delta=0; major_bytes=1920000"
"london","6000","1","1","7","RMP","ok","2928488","0.5172501","loss=3980.742; mem_delta=0; major_bytes=2928488"
"london","6000","1","1","7","LP","estimated_infeasible","691084800000000","NaN","Dense full-LP A estimate only: rows=7.1988e+08; cols=120000; bytes=6.91085e+14"
"london","6000","1","1","7","LP-A","estimated","522720000","NaN","LP-A coarse dense A estimate only: coarse_records=55; obf=20; rows=59400; cols=1100; bytes=5.2272e+08"
"london","6000","1","1","7","COPT","not_available","NaN","NaN","COPT implementation is not present in the provided baseline folder"
"london","6000","1","1","10","EM","ok","1968000","0.0036313","loss=4035.264; mem_delta=0; major_bytes=1968000"
"london","6000","1","1","10","Laplace","ok","1920000","0.0016678","loss=0.71191633; time_laplace=0.001373; mem_delta=0; major_bytes=1920000"
"london","6000","1","1","10","RMP","ok","2928488","0.4863203","loss=3896.3806; mem_delta=0; major_bytes=2928488"
"london","6000","1","1","10","LP","estimated_infeasible","691084800000000","NaN","Dense full-LP A estimate only: rows=7.1988e+08; cols=120000; bytes=6.91085e+14"
"london","6000","1","1","10","LP-A","estimated","522720000","NaN","LP-A coarse dense A estimate only: coarse_records=55; obf=20; rows=59400; cols=1100; bytes=5.2272e+08"
"london","6000","1","1","10","COPT","not_available","NaN","NaN","COPT implementation is not present in the provided baseline folder"
"london","6000","1","1","4","PAnDA","skipped","NaN","NaN","MEMTABLE_RUN_PANDA=false"
"london","6000","1","1","7","PAnDA","skipped","NaN","NaN","MEMTABLE_RUN_PANDA=false"
"london","6000","1","1","10","PAnDA","skipped","NaN","NaN","MEMTABLE_RUN_PANDA=false"
"nyc","2000","1","1","4","EM","ok","656000","0.0013856","loss=4297.9431; mem_delta=655360; major_bytes=656000"
"nyc","2000","1","1","4","Laplace","ok","640000","0.001031","loss=2.2069007; time_laplace=0.0007727; mem_delta=712704; major_bytes=640000"
"nyc","2000","1","1","4","RMP","ok","976488","0.0291256","loss=4256.7712; mem_delta=0; major_bytes=976488"
"nyc","2000","1","1","4","LP","estimated_infeasible","25587200000000","NaN","Dense full-LP A estimate only: rows=7.996e+07; cols=40000; bytes=2.55872e+13"
"nyc","2000","1","1","4","LP-A","estimated","184953600","NaN","LP-A coarse dense A estimate only: coarse_records=39; obf=20; rows=29640; cols=780; bytes=1.84954e+08"
"nyc","2000","1","1","4","COPT","not_available","NaN","NaN","COPT implementation is not present in the provided baseline folder"
"nyc","2000","1","1","7","EM","ok","656000","0.0012608","loss=4215.8095; mem_delta=0; major_bytes=656000"
"nyc","2000","1","1","7","Laplace","ok","640000","0.0013931","loss=2.2072646; time_laplace=0.001056; mem_delta=0; major_bytes=640000"
"nyc","2000","1","1","7","RMP","ok","976488","0.0282626","loss=4155.709; mem_delta=0; major_bytes=976488"
"nyc","2000","1","1","7","LP","estimated_infeasible","25587200000000","NaN","Dense full-LP A estimate only: rows=7.996e+07; cols=40000; bytes=2.55872e+13"
"nyc","2000","1","1","7","LP-A","estimated","184953600","NaN","LP-A coarse dense A estimate only: coarse_records=39; obf=20; rows=29640; cols=780; bytes=1.84954e+08"
"nyc","2000","1","1","7","COPT","not_available","NaN","NaN","COPT implementation is not present in the provided baseline folder"
"nyc","2000","1","1","10","EM","ok","656000","0.0012544","loss=4152.7631; mem_delta=0; major_bytes=656000"
"nyc","2000","1","1","10","Laplace","ok","640000","0.0012003","loss=2.2076778; time_laplace=0.0009012; mem_delta=0; major_bytes=640000"
"nyc","2000","1","1","10","RMP","ok","976488","0.029769","loss=4077.452; mem_delta=0; major_bytes=976488"
"nyc","2000","1","1","10","LP","estimated_infeasible","25587200000000","NaN","Dense full-LP A estimate only: rows=7.996e+07; cols=40000; bytes=2.55872e+13"
"nyc","2000","1","1","10","LP-A","estimated","184953600","NaN","LP-A coarse dense A estimate only: coarse_records=39; obf=20; rows=29640; cols=780; bytes=1.84954e+08"
"nyc","2000","1","1","10","COPT","not_available","NaN","NaN","COPT implementation is not present in the provided baseline folder"
"nyc","2000","1","1","4","PAnDA","skipped","NaN","NaN","MEMTABLE_RUN_PANDA=false"
"nyc","2000","1","1","7","PAnDA","skipped","NaN","NaN","MEMTABLE_RUN_PANDA=false"
"nyc","2000","1","1","10","PAnDA","skipped","NaN","NaN","MEMTABLE_RUN_PANDA=false"
"nyc","4000","1","1","4","EM","ok","1312000","0.0026369","loss=4423.3178; mem_delta=1318912; major_bytes=1312000"
"nyc","4000","1","1","4","Laplace","ok","1280000","0.0017267","loss=1.0805558; time_laplace=0.001255; mem_delta=786432; major_bytes=1280000"
"nyc","4000","1","1","4","RMP","ok","1952488","0.2405278","loss=4132.4742; mem_delta=0; major_bytes=1952488"
"nyc","4000","1","1","4","LP","estimated_infeasible","204748800000000","NaN","Dense full-LP A estimate only: rows=3.1992e+08; cols=80000; bytes=2.04749e+14"
"nyc","4000","1","1","4","LP-A","estimated","184953600","NaN","LP-A coarse dense A estimate only: coarse_records=39; obf=20; rows=29640; cols=780; bytes=1.84954e+08"
"nyc","4000","1","1","4","COPT","not_available","NaN","NaN","COPT implementation is not present in the provided baseline folder"
"nyc","4000","1","1","7","EM","ok","1312000","0.0034341","loss=4467.4995; mem_delta=0; major_bytes=1312000"
"nyc","4000","1","1","7","Laplace","ok","1280000","0.0010984","loss=1.0806768; time_laplace=0.000677; mem_delta=0; major_bytes=1280000"
"nyc","4000","1","1","7","RMP","ok","1952488","0.2355012","loss=4125.4407; mem_delta=0; major_bytes=1952488"
"nyc","4000","1","1","7","LP","estimated_infeasible","204748800000000","NaN","Dense full-LP A estimate only: rows=3.1992e+08; cols=80000; bytes=2.04749e+14"
"nyc","4000","1","1","7","LP-A","estimated","184953600","NaN","LP-A coarse dense A estimate only: coarse_records=39; obf=20; rows=29640; cols=780; bytes=1.84954e+08"
"nyc","4000","1","1","7","COPT","not_available","NaN","NaN","COPT implementation is not present in the provided baseline folder"
"nyc","4000","1","1","10","EM","ok","1312000","0.0025349","loss=4487.5193; mem_delta=0; major_bytes=1312000"
"nyc","4000","1","1","10","Laplace","ok","1280000","0.0014019","loss=1.0808263; time_laplace=0.001059; mem_delta=0; major_bytes=1280000"
"nyc","4000","1","1","10","RMP","ok","1952488","0.210557","loss=4115.896; mem_delta=0; major_bytes=1952488"
"nyc","4000","1","1","10","LP","estimated_infeasible","204748800000000","NaN","Dense full-LP A estimate only: rows=3.1992e+08; cols=80000; bytes=2.04749e+14"
"nyc","4000","1","1","10","LP-A","estimated","184953600","NaN","LP-A coarse dense A estimate only: coarse_records=39; obf=20; rows=29640; cols=780; bytes=1.84954e+08"
"nyc","4000","1","1","10","COPT","not_available","NaN","NaN","COPT implementation is not present in the provided baseline folder"
"nyc","4000","1","1","4","PAnDA","skipped","NaN","NaN","MEMTABLE_RUN_PANDA=false"
"nyc","4000","1","1","7","PAnDA","skipped","NaN","NaN","MEMTABLE_RUN_PANDA=false"
"nyc","4000","1","1","10","PAnDA","skipped","NaN","NaN","MEMTABLE_RUN_PANDA=false"
"nyc","6000","1","1","4","EM","ok","1968000","0.004103","loss=2935.455; mem_delta=1953792; major_bytes=1968000"
"nyc","6000","1","1","4","Laplace","ok","1920000","0.0016519","loss=0.4960094; time_laplace=0.001225; mem_delta=1466368; major_bytes=1920000"
"nyc","6000","1","1","4","RMP","ok","2928488","0.5106527","loss=2922.0101; mem_delta=0; major_bytes=2928488"
"nyc","6000","1","1","4","LP","estimated_infeasible","691084800000000","NaN","Dense full-LP A estimate only: rows=7.1988e+08; cols=120000; bytes=6.91085e+14"
"nyc","6000","1","1","4","LP-A","estimated","184953600","NaN","LP-A coarse dense A estimate only: coarse_records=39; obf=20; rows=29640; cols=780; bytes=1.84954e+08"
"nyc","6000","1","1","4","COPT","not_available","NaN","NaN","COPT implementation is not present in the provided baseline folder"
"nyc","6000","1","1","7","EM","ok","1968000","0.0037427","loss=2918.4627; mem_delta=0; major_bytes=1968000"
"nyc","6000","1","1","7","Laplace","ok","1920000","0.001288","loss=0.49595598; time_laplace=0.0009645; mem_delta=0; major_bytes=1920000"
"nyc","6000","1","1","7","RMP","ok","2928488","0.4706019","loss=2885.8629; mem_delta=0; major_bytes=2928488"
"nyc","6000","1","1","7","LP","estimated_infeasible","691084800000000","NaN","Dense full-LP A estimate only: rows=7.1988e+08; cols=120000; bytes=6.91085e+14"
"nyc","6000","1","1","7","LP-A","estimated","184953600","NaN","LP-A coarse dense A estimate only: coarse_records=39; obf=20; rows=29640; cols=780; bytes=1.84954e+08"
"nyc","6000","1","1","7","COPT","not_available","NaN","NaN","COPT implementation is not present in the provided baseline folder"
"nyc","6000","1","1","10","EM","ok","1968000","0.0037928","loss=2908.971; mem_delta=0; major_bytes=1968000"
"nyc","6000","1","1","10","Laplace","ok","1920000","0.0016548","loss=0.49590329; time_laplace=0.001244; mem_delta=0; major_bytes=1920000"
"nyc","6000","1","1","10","RMP","ok","2928488","0.482086","loss=2860.2173; mem_delta=0; major_bytes=2928488"
"nyc","6000","1","1","10","LP","estimated_infeasible","691084800000000","NaN","Dense full-LP A estimate only: rows=7.1988e+08; cols=120000; bytes=6.91085e+14"
"nyc","6000","1","1","10","LP-A","estimated","184953600","NaN","LP-A coarse dense A estimate only: coarse_records=39; obf=20; rows=29640; cols=780; bytes=1.84954e+08"
"nyc","6000","1","1","10","COPT","not_available","NaN","NaN","COPT implementation is not present in the provided baseline folder"
"nyc","6000","1","1","4","PAnDA","skipped","NaN","NaN","MEMTABLE_RUN_PANDA=false"
"nyc","6000","1","1","7","PAnDA","skipped","NaN","NaN","MEMTABLE_RUN_PANDA=false"
"nyc","6000","1","1","10","PAnDA","skipped","NaN","NaN","MEMTABLE_RUN_PANDA=false"
"london","2000","1","1","4","PAnDA","ok","317693952","42.9622521","PAnDA runs epsilon 4/7/10 in one script; runtime=42.96; mem_delta=317693952; selected_bytes=128447555"
"london","2000","1","1","7","PAnDA","ok","317693952","42.9622521","PAnDA runs epsilon 4/7/10 in one script; runtime=42.96; mem_delta=317693952; selected_bytes=128447555"
"london","2000","1","1","10","PAnDA","ok","317693952","42.9622521","PAnDA runs epsilon 4/7/10 in one script; runtime=42.96; mem_delta=317693952; selected_bytes=128447555"
