Location,OuterIters,Converged,StopReason,TimeTotal_s,TimePermutation_s,TimeFitInit_s,TimeFitLoop_s,TimeFitTotal_s,PermFrac_pct,FitFrac_pct,SwapEvals,SwapAccepts,FinalLoss
1,11,1,no_improving_swap,13.4675566,0.6062519,0.6029184,6.1471913,6.7501097,4.50157306188711,50.1212647585977,2310,123,2130.32919079436
2,11,1,no_improving_swap,13.6630672,0.6452552,0.5825083,6.1948599,6.7773682,4.72262333599589,49.603563393145,2310,133,2103.72605768626
3,11,1,no_improving_swap,13.4523754,0.6241783,0.5352323,6.134179,6.6694113,4.6399114018183,49.5779451709324,2310,135,2102.09437922287
4,13,1,no_improving_swap,16.2427214,0.7567892,0.5778536,7.424413,8.0022666,4.65925125084027,49.266784813535,2730,128,2123.93857320866
5,8,1,no_improving_swap,10.1256035,0.4511448,0.5347506,4.6410124,5.175763,4.4554855421704,51.1156001713873,1680,118,2368.60444158764
6,11,1,no_improving_swap,13.4778654,0.6200956,0.5330525,6.1409521,6.6740046,4.60084428503048,49.5182612522603,2310,134,2180.38859594321
7,10,1,no_improving_swap,12.6310169,0.5832065,0.571316,5.8393784,6.4106944,4.61725690510318,50.7535889687552,2100,123,2098.71170708333
8,4,1,no_improving_swap,5.6093987,0.2535298,0.6352446,2.3791302,3.0143748,4.51973221300886,53.7379309479285,840,95,2989.1924989747
9,11,1,no_improving_swap,14.2210438,0.6217766,0.6186683,6.5543073,7.1729756,4.37222899208003,50.4391639662906,2310,103,2245.72821783516
10,9,1,no_improving_swap,13.090005,0.5650501,0.6961242,5.8530942,6.5492184,4.31665304940678,50.0322070159637,1890,129,2132.49366852485
11,9,1,no_improving_swap,11.4818155,0.5014608,0.680294,5.2444532,5.9247472,4.36743474932166,51.6011357263144,1890,129,2148.07510584779
12,9,1,no_improving_swap,11.4983907,0.546025,0.5942634,5.2025189,5.7967823,4.74870800833024,50.4138574800733,1890,131,2186.36117301499
13,8,1,no_improving_swap,10.1605157,0.4475455,0.553066,4.5836255,5.1366915,4.40475181786295,50.5554211190284,1680,112,2158.9854679496
14,12,1,no_improving_swap,14.9520731,0.689915,0.5519129,6.8805909,7.4325038,4.61417621078912,49.7088514100429,2520,127,2028.29074279088
15,10,1,no_improving_swap,12.763182,0.5809247,0.579066,5.8366829,6.4157489,4.55156637271176,50.2676284017575,2100,107,2086.78138167473
16,7,1,no_improving_swap,8.799567,0.38367,0.550443,3.9304586,4.4809016,4.36010090041931,50.9218419497232,1470,95,2162.02357305942
17,9,1,no_improving_swap,11.1515628,0.5049434,0.5475633,5.017121,5.5646843,4.52800570696692,49.9004883871523,1890,115,2212.68643099247
18,4,1,no_improving_swap,5.3985091,0.2220071,0.5481061,2.2413965,2.7895026,4.11237798969349,51.6717217351732,840,110,2955.63458897685
19,6,1,no_improving_swap,7.7133456,0.332612,0.5458941,3.4249101,3.9708042,4.31216254591263,51.4796614325177,1260,119,2676.83910366096
20,11,1,no_improving_swap,14.0343031,0.6387769,0.5382764,6.4122181,6.9504945,4.55153986235341,49.5250419666367,2310,110,2144.04746438868
21,6,1,no_improving_swap,8.0285063,0.3672605,0.5978029,3.5036254,4.1014283,4.57445614758999,51.0858202851507,1260,116,2374.97784790042
22,8,1,no_improving_swap,10.705812,0.475539,0.5598764,4.789069,5.3489454,4.44187699167518,49.9630051415063,1680,109,2265.9935262536
23,11,1,no_improving_swap,14.7813495,0.7037275,0.5669764,6.6864346,7.253411,4.76091509777237,49.0713720015889,2310,122,2164.07627922193
24,8,1,no_improving_swap,12.274566,0.573621,0.5970005,5.4593714,6.0563719,4.67324873237881,49.3408231297139,1680,134,2300.50921808852
25,7,1,no_improving_swap,9.3270481,0.404506,0.6685178,4.0683285,4.7368463,4.33691341207943,50.7861249262776,1470,124,2313.51243842641
26,5,1,no_improving_swap,6.7606669,0.2910922,0.5941695,2.9364165,3.530586,4.30567286194798,52.2224516045895,1050,115,2586.96034034551
27,11,1,no_improving_swap,14.2017232,0.6412806,0.5587304,6.615587,7.1743174,4.5155125963869,50.5172315990499,2310,108,2197.40631117066
28,7,1,no_improving_swap,9.2259945,0.4259,0.6004852,4.0549992,4.6554844,4.61630450787717,50.4605156658179,1470,115,2218.5327025279
29,7,1,no_improving_swap,9.335823,0.3970574,0.5693481,4.2756398,4.8449879,4.25305192696991,51.8967411871455,1470,120,2190.60903394237
30,7,1,no_improving_swap,9.1147212,0.406364,0.5696873,4.0486206,4.6183079,4.45832616361321,50.6686688343248,1470,132,2343.68377773117
31,7,1,no_improving_swap,9.260271,0.4151853,0.5683311,4.1390024,4.7073335,4.48351133568337,50.8336473090258,1470,98,2273.89544331171
32,5,1,no_improving_swap,7.1606369,0.2985978,0.6026329,3.073411,3.6760439,4.16998940415482,51.3368287114237,1050,114,2921.73262133758
33,6,1,no_improving_swap,8.8887164,0.4123103,0.6735419,3.9530393,4.6265812,4.63858088666211,52.0500485311917,1260,117,2343.59359252485
34,4,1,no_improving_swap,5.6468446,0.2535879,0.5923313,2.4199528,3.0122841,4.4907894224679,53.3445545854051,840,115,2769.27375836185
35,11,1,no_improving_swap,13.9724432,0.6278776,0.5516036,6.5113715,7.0629751,4.49368511299441,50.5493205368693,2310,108,2174.59883832176
36,9,1,no_improving_swap,11.2095626,0.500671,0.5449932,5.1050725,5.6500657,4.46646330339419,50.4039800803646,1890,125,2141.21047741564
37,13,1,no_improving_swap,17.2511054,0.7838984,0.6028497,7.8255746,8.4284243,4.54404736290116,48.8572998922144,2730,136,2080.24152219958
38,9,1,no_improving_swap,14.0125786,0.5900751,0.8158505,6.325421,7.1412715,4.21103864495005,50.9632930801187,1890,139,2122.69191944431
39,10,1,no_improving_swap,12.6602996,0.5764126,0.5697836,5.7657985,6.3355821,4.55291437178943,50.0429081472922,2100,133,2109.30463620703
40,7,1,no_improving_swap,9.346971,0.3961843,0.5766808,4.0787768,4.6554576,4.23863837814411,49.8071257522892,1470,124,2203.11139713037
41,9,1,no_improving_swap,11.6163511,0.5231617,0.5483455,5.2467482,5.7950937,4.50366638797617,49.8873841717818,1890,115,2521.97940825962
42,15,1,no_improving_swap,19.5271912,0.9276291,0.6547779,8.9225239,9.5773018,4.75044818529764,49.0459774880475,3150,135,2101.34829664628
43,4,1,no_improving_swap,5.2537385,0.2247132,0.5687608,2.2191349,2.7878957,4.27720565079514,53.0649879128929,840,112,2822.49709856361
44,10,1,no_improving_swap,12.5492597,0.6092206,0.5729635,5.7030196,6.2759831,4.85463377572782,50.0107835046238,2100,114,2069.03803826968
45,12,1,no_improving_swap,14.7427525,0.6671799,0.5489918,6.7659373,7.3149291,4.52547717938017,49.6171193269371,2520,118,2058.58192686416
46,6,1,no_improving_swap,7.8110317,0.3534267,0.5371186,3.3797594,3.916878,4.52471214525989,50.1454628586388,1260,106,2312.8998692009
47,9,1,no_improving_swap,11.312637,0.513276,0.5462795,5.1017905,5.64807,4.53719146119512,49.9270859658981,1890,102,2285.47364822087
48,8,1,no_improving_swap,10.2192097,0.4612057,0.5639133,4.5258675,5.0897808,4.51312492393614,49.8060119071634,1680,123,2491.09191543584
49,9,1,no_improving_swap,11.1772437,0.5008379,0.5385041,5.0538421,5.5923462,4.48087125451152,50.0333208266721,1890,105,2170.18744485959
50,9,1,no_improving_swap,11.743481,0.5308741,0.5933791,5.3766523,5.9700314,4.52058550612037,50.836982662977,1890,134,2203.97243235125
51,9,1,no_improving_swap,11.1221792,0.4960876,0.5342227,5.0922213,5.626444,4.46034532513197,50.5876042709328,1890,119,2155.07626059951
52,9,1,no_improving_swap,11.552129,0.5328978,0.5840715,5.1433482,5.7274197,4.61298345958567,49.5789105194376,1890,130,2156.33655828246
53,10,1,no_improving_swap,12.2948613,0.5693738,0.5697896,5.5697584,6.139548,4.63099002182318,49.9358866293189,2100,132,2193.21939336319
54,9,1,no_improving_swap,11.4693336,0.5086616,0.5706499,5.1167806,5.6874305,4.43497083387652,49.5881513115984,1890,107,2224.40813059927
55,6,1,no_improving_swap,7.7169739,0.3354316,0.5645132,3.3987543,3.9632675,4.34667272880112,51.3577932406899,1260,115,2359.96958875699
56,12,1,no_improving_swap,14.9624991,0.6774289,0.5476146,6.9332541,7.4808687,4.5275117176114,49.9974546364384,2520,143,2068.90350597172
57,7,1,no_improving_swap,8.930419,0.3980187,0.5944303,3.9938034,4.5882337,4.45688718524853,51.3775859788886,1470,121,2281.57201503706
58,9,1,no_improving_swap,11.4869014,0.5049948,0.5935237,5.2253283,5.818852,4.39626651622517,50.656411136253,1890,112,2153.17105060029
59,8,1,no_improving_swap,11.4903853,0.5152559,0.5909105,5.1866412,5.7775517,4.48423518052088,50.281618493681,1680,138,2289.99321011457
60,11,1,no_improving_swap,13.462267,0.5986427,0.7394693,5.9632714,6.7027407,4.44681939527718,49.7890934714042,2310,133,2111.31701956641
61,6,1,no_improving_swap,7.390027,0.3202638,0.5299112,3.3043086,3.8342198,4.33372976851099,51.8837048903881,1260,110,2411.64517687235
62,7,1,no_improving_swap,8.5844154,0.3864159,0.5395659,3.8449758,4.3845417,4.50136534632283,51.0756003256786,1470,123,2274.38809075457
63,8,1,no_improving_swap,9.789704,0.4493891,0.6056395,4.3862237,4.9918632,4.59042581879902,50.9909513096617,1680,117,2169.85442239233
64,7,1,no_improving_swap,8.444075,0.3823908,0.5442214,3.7416893,4.2859107,4.52851022758561,50.7564262515432,1470,123,2290.46998682387
65,8,1,no_improving_swap,10.4816105,0.5032281,0.5484453,4.6696439,5.2180892,4.80105705129951,49.7832771023117,1680,124,2168.20099999351
66,8,1,no_improving_swap,10.213265,0.4432896,0.6058898,4.6298616,5.2357514,4.34033191148962,51.2642274532189,1680,127,2132.16543511715
67,8,1,no_improving_swap,10.0302366,0.4450106,0.562766,4.5086993,5.0714653,4.43669095502692,50.5617713943059,1680,118,2236.31822473502
68,12,1,no_improving_swap,15.1698209,0.6881943,0.5749543,7.0487729,7.6237272,4.53660135170086,50.2558813993644,2520,104,2191.90969997338
69,9,1,no_improving_swap,11.5050214,0.5163917,0.5911513,5.2172291,5.8083804,4.48840277689531,50.485611439193,1890,102,2187.94023266324
70,9,1,no_improving_swap,11.3847759,0.5329876,0.5549731,5.1146835,5.6696566,4.68158183069726,49.8003355516203,1890,95,2234.57790189488
71,4,1,no_improving_swap,5.4631313,0.2391125,0.5542263,2.3675808,2.9218071,4.37683970729387,53.4822785606489,840,102,3029.02892777004
72,11,1,no_improving_swap,13.7673491,0.6210726,0.5498523,6.3440542,6.8939065,4.51119961794243,50.0743204078409,2310,115,2236.12205239759
73,6,1,no_improving_swap,7.8500264,0.3475476,0.579808,3.4704053,4.0502133,4.42734307237489,51.5949003687427,1260,121,2329.46603881857
74,4,1,no_improving_swap,5.2969024,0.2279569,0.5805705,2.2369442,2.8175147,4.30358882957708,53.1917427815925,840,102,2506.10160011288
75,7,1,no_improving_swap,9.983424,0.4225392,0.5823381,4.4726508,5.0549889,4.23240763890225,50.6338196194011,1470,108,2354.2686878239
76,8,1,no_improving_swap,10.671133,0.4736018,0.7902768,4.6770125,5.4672893,4.438158534806,51.2343843901112,1680,114,2485.88749675226
77,11,1,no_improving_swap,14.9930751,0.6708972,0.567975,6.8496347,7.4176097,4.47471379637123,49.4735713022607,2310,108,2140.68694378591
78,7,1,no_improving_swap,9.0235362,0.4098619,0.5856235,4.0166928,4.6023163,4.54214280206467,51.0034669113424,1470,127,2334.93907896266
79,9,1,no_improving_swap,12.1503578,0.6464494,0.5450125,5.4653682,6.0103807,5.32041451487132,49.4666971864812,1890,94,2342.5974770972
80,10,1,no_improving_swap,12.7955959,0.568103,0.5768769,5.8281869,6.4050638,4.43983230198759,50.0567839908105,2100,111,2091.73073631598
81,6,1,no_improving_swap,7.9710385,0.349156,0.567349,3.5026671,4.0700161,4.38030753458285,51.0600481982367,1260,96,2279.88477718361
82,12,1,no_improving_swap,15.4125032,0.6789186,0.5743005,7.0351217,7.6094222,4.40498594673447,49.3717477379015,2520,126,2052.77393020745
83,10,1,no_improving_swap,12.8984724,0.5620491,0.5890526,5.9565262,6.5455788,4.3574857748271,50.7469303109103,2100,120,2377.5960770414
84,7,1,no_improving_swap,9.1008468,0.4005395,0.5681363,4.0660444,4.6341807,4.40112342073487,50.9203242493874,1470,122,2199.67197439036
85,10,1,no_improving_swap,12.7737308,0.5738136,0.5429038,5.7918254,6.3347292,4.49213788034425,49.5918482954095,2100,123,2128.16878645159
86,8,1,no_improving_swap,10.2427777,0.4593807,0.5672591,4.6352983,5.2025574,4.48492306925689,50.7924466621979,1680,115,2187.50271651498
87,8,1,no_improving_swap,10.3312185,0.4596348,0.5391217,4.6714118,5.2105335,4.44898924555705,50.4348398013264,1680,124,2393.68625817577
88,7,1,no_improving_swap,9.009243,0.3991986,0.6460093,3.925249,4.5712583,4.43098937391299,50.7396492690895,1470,121,2174.55859253558
89,8,1,no_improving_swap,10.1901236,0.4569052,0.5608554,4.6134005,5.1742559,4.48380429850723,50.7771652544038,1680,93,2339.48994410632
90,12,1,no_improving_swap,15.4599618,0.7030501,0.5554385,7.1159288,7.6713673,4.54755392733247,49.6208684034394,2520,126,2177.68649076086
91,9,1,no_improving_swap,11.3271757,0.5103715,0.5467524,5.1672621,5.7140145,4.50572599487443,50.4451829064504,1890,127,2065.31542105579
92,8,1,no_improving_swap,11.458042,0.4888136,0.6283638,5.3168528,5.9452166,4.26611806799102,51.886845937552,1680,124,2205.84094186176
93,8,1,no_improving_swap,10.3868835,0.4511504,0.5720442,4.6708516,5.2428958,4.34346259876699,50.4761201952443,1680,127,2118.63956725652
94,13,1,no_improving_swap,16.6725964,0.7411287,0.5398401,7.6206505,8.1604906,4.44519067228185,48.9455295637097,2730,126,2126.73497024199
95,11,1,no_improving_swap,14.1249099,0.6417485,0.625779,6.4090412,7.0348202,4.54338119353243,49.8043545042365,2310,134,2108.63971117518
96,6,1,no_improving_swap,7.7322889,0.3459618,0.5640835,3.3991953,3.9632788,4.47424823974179,51.2562172890358,1260,106,2217.24055058188
97,8,1,no_improving_swap,10.8523531,0.5061457,0.560236,4.8971561,5.4573921,4.66392583558675,50.287638539885,1680,103,2263.35789306938
98,6,1,no_improving_swap,8.132079,0.3875225,0.5876115,3.6252754,4.2128869,4.76535582106372,51.8057793093255,1260,124,2409.73382391295
99,6,1,no_improving_swap,7.6760808,0.3372762,0.5780007,3.3972193,3.97522,4.3938594288898,51.7871046901955,1260,106,2568.62417730961
100,9,1,no_improving_swap,11.9687203,0.5140926,0.6606064,5.3859017,6.0465081,4.2953013113691,50.5192530900735,1890,103,2209.96819127946
101,8,1,no_improving_swap,10.3083385,0.4498429,0.5659415,4.6115714,5.1775129,4.36387396475193,50.2264540497967,1680,117,2191.97428667064
102,4,1,no_improving_swap,5.4193481,0.2273557,0.6068279,2.2659513,2.8727792,4.19525920470029,53.0096821054916,840,99,2681.21615562416
103,10,1,no_improving_swap,12.6323891,0.6178811,0.5403764,5.7358862,6.2762626,4.89124499814529,49.6838923367236,2100,137,2250.14801427924
104,11,1,no_improving_swap,14.028564,0.6458621,0.5960039,6.4180562,7.0140601,4.60390742773102,49.9984182272683,2310,120,2101.59044666299
105,12,1,no_improving_swap,15.1548988,0.7092933,0.6061034,6.9491577,7.5552611,4.68029057376484,49.853589916417,2520,130,2073.17173107786
106,11,1,no_improving_swap,13.6350536,0.6279602,0.5713395,6.1162138,6.6875533,4.60548391243581,49.046769423774,2310,125,2046.88111695772
107,13,1,no_improving_swap,15.9698667,0.7217484,0.560282,7.3320534,7.8923354,4.51943910089118,49.4201708020518,2730,151,2233.747395971
108,7,1,no_improving_swap,9.0401877,0.3943382,0.5799392,4.1156496,4.6955888,4.36205765948864,51.9412755113481,1470,126,2226.78781508717
109,10,1,no_improving_swap,12.2755208,0.5564289,0.5871916,5.5697729,6.1569645,4.53283334422764,50.1564422423528,2100,127,2143.37989374158
110,8,1,no_improving_swap,10.1676127,0.4533756,0.5572752,4.6540815,5.2113567,4.45901720863148,51.2544768743994,1680,108,2150.03796915507
111,9,1,no_improving_swap,11.2541309,0.5022707,0.6054536,5.0726438,5.6780974,4.46298967430706,50.4534508302191,1890,113,2252.87049661437
112,10,1,no_improving_swap,12.5368668,0.5757137,0.541907,5.7875792,6.3294862,4.59216572357616,50.4869861104371,2100,137,2115.06430228369
113,7,1,no_improving_swap,9.2599445,0.4103541,0.5556239,4.184009,4.7396329,4.43149632268314,51.1842473785885,1470,138,2281.13798774315
114,8,1,no_improving_swap,10.7792558,0.4791552,0.6459784,4.8320131,5.4779915,4.44516030503701,50.8197560354769,1680,133,2320.66649292416
115,9,1,no_improving_swap,11.2182309,0.5064325,0.5392197,5.0727624,5.6119821,4.5143704432042,50.0255534943571,1890,126,2220.19622514989
116,8,1,no_improving_swap,9.9544173,0.4467639,0.5362204,4.466602,5.0028224,4.48809695771946,50.2573103902325,1680,105,2205.10955363771
117,5,1,no_improving_swap,6.5775351,0.2874079,0.5360556,2.8088186,3.3448742,4.36953806601503,50.8530041899738,1050,107,2630.52116006847
118,6,1,no_improving_swap,7.611739,0.3347473,0.5464258,3.3452666,3.8916924,4.39777690748461,51.1275071307621,1260,120,2355.1259048863
119,12,1,no_improving_swap,15.2990367,0.7143688,0.5413424,7.1408207,7.6821631,4.66937111145044,50.2133778135195,2520,103,2180.69578398746
120,5,1,no_improving_swap,6.6250771,0.2786185,0.5514509,2.937447,3.4888979,4.2055133214978,52.661996944911,1050,116,2654.10971320837
121,9,1,no_improving_swap,11.0979035,0.497328,0.5553102,5.0496355,5.6049457,4.48127882892476,50.5045452954245,1890,124,2150.06922628627
122,9,1,no_improving_swap,11.4286441,0.5058212,0.5423836,5.1128696,5.6552532,4.42590735676159,49.4831508490145,1890,116,2163.1387724314
123,7,1,no_improving_swap,8.7778044,0.3949327,0.5493132,3.9219149,4.4712281,4.49921964540472,50.9378871554714,1470,111,2174.84100954101
124,10,1,no_improving_swap,12.5096621,0.5601271,0.5442183,5.825749,6.3699673,4.47755579265406,50.9203785768122,2100,122,2348.28413348507
125,10,1,no_improving_swap,12.3653966,0.5685255,0.5679927,5.6050686,6.1730613,4.59771342877915,49.9220647722694,2100,130,2155.42333115049
126,8,1,no_improving_swap,10.2337077,0.4632157,0.5531926,4.7627022,5.3158948,4.52637219646209,51.9449544176447,1680,106,2291.1596915808
127,7,1,no_improving_swap,9.3726894,0.405477,0.5834298,4.1388141,4.7222439,4.32615424127892,50.3830192004442,1470,109,2368.17539705441
128,8,1,no_improving_swap,10.1282834,0.4612623,0.5451007,4.4908261,5.0359268,4.55420017176849,49.7214246591875,1680,135,2306.91271510017
129,11,1,no_improving_swap,13.6066506,0.6154684,0.5593976,6.2014412,6.7608388,4.52329098536564,49.68775195859,2310,125,2156.0256701543
130,9,1,no_improving_swap,11.3751095,0.5118337,0.5896528,5.1643886,5.7540414,4.49959360830768,50.5844923954358,1890,105,2122.40257151016
131,8,1,no_improving_swap,10.1303382,0.4636193,0.5624114,4.5324667,5.0948781,4.57654316022736,50.2932676028526,1680,119,2267.43446914597
132,6,1,no_improving_swap,7.5725516,0.3469223,0.5484799,3.3255043,3.8739842,4.58131312040185,51.1582410346336,1260,116,2546.45879986395
133,10,1,no_improving_swap,12.7060725,0.5676918,0.5636477,5.7255675,6.2892152,4.46787785918898,49.4977122159503,2100,104,2171.85078018796
134,8,1,no_improving_swap,10.086447,0.4623504,0.5848716,4.5314429,5.1163145,4.58387775199731,50.7246456557002,1680,111,2470.58564120571
135,11,1,no_improving_swap,13.5661484,0.6346202,0.5607591,6.2478507,6.8086098,4.67796887729755,50.1882302864975,2310,118,2159.46083658249
136,11,1,no_improving_swap,13.729251,0.6218948,0.5843013,6.1959234,6.7802247,4.52970668246942,49.3852483285505,2310,97,2202.18560711217
137,9,1,no_improving_swap,11.2172257,0.5123155,0.5535595,5.0916182,5.6451777,4.56722110887008,50.3259705294153,1890,129,2114.64998682368
138,9,1,no_improving_swap,11.0925476,0.5130797,0.5604658,5.0090621,5.5695279,4.62544510514429,50.2096371441309,1890,114,2141.96092913643
139,8,1,no_improving_swap,10.0874531,0.4517836,0.6414278,4.4878328,5.1292606,4.47866865423146,50.847925131865,1680,117,2252.2868880302
140,7,1,no_improving_swap,8.952118,0.3964564,0.606905,4.0058594,4.6127644,4.42863241972458,51.5270732579709,1470,123,2233.08202762736
141,7,1,no_improving_swap,9.3840782,0.4361109,0.5635523,4.269502,4.8330543,4.64734937950538,51.5027070000333,1470,122,2288.93469483627
142,8,1,no_improving_swap,10.150409,0.4554551,0.5913547,4.5060399,5.0973946,4.4870615558447,50.2186128657476,1680,109,2311.07939312567
143,9,1,no_improving_swap,11.4088402,0.5035233,0.5825101,5.0673356,5.6498457,4.41344861680156,49.5216481338743,1890,119,2110.64245155346
144,6,1,no_improving_swap,7.5652079,0.3360502,0.5343688,3.3426345,3.8770033,4.44204844654699,51.2478090654984,1260,92,2418.60220818788
145,10,1,no_improving_swap,12.5526461,0.5752529,0.5466238,5.7361812,6.282805,4.58272220388656,50.051638116365,2100,126,2092.72832972333
146,7,1,no_improving_swap,8.9648476,0.3973444,0.5796588,3.9496441,4.5293029,4.43224935580611,50.5229213266269,1470,134,2323.86763737923
147,8,1,no_improving_swap,10.244746,0.4481147,0.6024862,4.5376792,5.1401654,4.37409282767967,50.1736734126937,1680,106,2630.97356868549
148,10,1,no_improving_swap,12.6519742,0.570682,0.5925791,5.8106393,6.4032184,4.5106162167166,50.6104288451679,2100,117,2183.59621946526
149,12,1,no_improving_swap,14.6076718,0.6677152,0.5747681,6.6871143,7.2618824,4.57098988217958,49.7127981749973,2520,128,2136.764655019
150,9,1,no_improving_swap,11.5097812,0.5147562,0.5810251,5.2580048,5.8390299,4.47233697196607,50.7310243221652,1890,114,2313.97787789367
151,9,1,no_improving_swap,11.193384,0.5092046,0.5612664,5.095049,5.6563154,4.54915689482287,50.5326664393896,1890,117,2153.96716627953
152,11,1,no_improving_swap,13.7980641,0.6561095,0.597444,6.3278617,6.9253057,4.75508372221578,50.1904154800962,2310,113,2353.95213759484
153,10,1,no_improving_swap,12.4861415,0.5687721,0.5365476,5.8044694,6.341017,4.55522708916922,50.7844396925984,2100,117,2212.39399391971
154,9,1,no_improving_swap,11.0719517,0.5174039,0.5558089,4.9967405,5.5525494,4.67310474268055,50.1496895077676,1890,133,2189.16376157851
155,6,1,no_improving_swap,7.6635209,0.339818,0.547507,3.3864273,3.9339343,4.43422813657362,51.3332494467393,1260,120,2317.93268957471
156,10,1,no_improving_swap,12.4938323,0.5970543,0.5462551,5.6687243,6.2149794,4.77879233259758,49.7443798729394,2100,104,2164.45706574573
157,12,1,no_improving_swap,14.7372072,0.670923,0.542592,6.7536618,7.2962538,4.55257899882143,49.5090670910836,2520,142,2164.59299558183
158,5,1,no_improving_swap,6.6611672,0.2938242,0.557052,2.8721533,3.4292053,4.41100172354178,51.4805468326932,1050,115,2692.49720687503
159,10,1,no_improving_swap,12.6069075,0.5652413,0.5889836,5.7448229,6.3338065,4.48358409863799,50.2407628516351,2100,117,2181.27284521148
160,7,1,no_improving_swap,9.0683284,0.4149932,0.5519546,4.0724373,4.6243919,4.57629214222105,50.9949760972485,1470,101,2263.54847414016
161,8,1,no_improving_swap,10.1108078,0.4431698,0.6250268,4.4972238,5.1222506,4.38312950622996,50.6611410415694,1680,130,2144.69383612712
162,10,1,no_improving_swap,12.4487966,0.5514663,0.549222,5.7263243,6.2755463,4.42987637857301,50.4108670230824,2100,132,2154.56921533042
163,10,1,no_improving_swap,12.5030484,0.5787242,0.5873204,5.6121173,6.1994377,4.62866479825832,49.5834095947353,2100,129,2165.43732621258
164,6,1,no_improving_swap,7.630763,0.3336707,0.5384864,3.3670023,3.9054887,4.37270427609926,51.1808412867756,1260,124,2401.58367154448
165,9,1,no_improving_swap,11.3243132,0.5006588,0.555896,5.0610606,5.6169566,4.42109637165457,49.6008587964522,1890,137,2171.85214832327
166,5,1,no_improving_swap,6.4121215,0.275938,0.5666799,2.7845026,3.3511825,4.30338071416769,52.263240801036,1050,122,2615.09220736793
167,7,1,no_improving_swap,9.4517753,0.4244792,0.5841908,4.1723708,4.7565616,4.49099969611,50.3245310962905,1470,121,2192.63641511984
168,8,1,no_improving_swap,10.0367834,0.4483376,0.600213,4.4698194,5.0700324,4.46694505731787,50.5145144409513,1680,117,2116.61144582848
169,5,1,no_improving_swap,6.3972618,0.2780382,0.5344306,2.8176447,3.3520753,4.34620637223257,52.3985949738683,1050,105,2672.1000396958
170,9,1,no_improving_swap,11.2694843,0.5000454,0.5512057,5.0398733,5.591079,4.43716310958435,49.6125541432273,1890,123,2470.54069862914
171,7,1,no_improving_swap,8.7788266,0.401724,0.5490197,3.8970951,4.4461148,4.57605575669988,50.6458892809205,1470,106,2298.05726407737
172,11,1,no_improving_swap,13.740344,0.6182547,0.5662147,6.2010168,6.7672315,4.49955765299617,49.2508157001018,2310,131,2076.93682770424
173,4,1,no_improving_swap,5.2900193,0.2256943,0.5378065,2.2850692,2.8228757,4.26641732668159,53.362294916391,840,100,2864.71667663926
174,11,1,no_improving_swap,13.7099885,0.6181701,0.5674849,6.3112657,6.8787506,4.5089031256299,50.1732776799922,2310,134,2270.31617422205
175,10,1,no_improving_swap,12.8703453,0.5563321,0.6170212,5.8251832,6.4422044,4.32258876535348,50.0546352862809,2100,117,2149.25764596678
176,13,1,no_improving_swap,15.9882034,0.7347923,0.5331542,7.3232712,7.8564254,4.59584033062777,49.1388882380618,2730,140,2064.14908633222
177,8,1,no_improving_swap,10.0489393,0.4460127,0.5336072,4.5253312,5.0589384,4.43840575293355,50.3430088387538,1680,121,2194.12747294837
178,8,1,no_improving_swap,10.1328546,0.4498974,0.5595106,4.4817953,5.0413059,4.43998673384695,49.7520797347669,1680,119,2763.66257125102
179,9,1,no_improving_swap,11.1082246,0.5146064,0.5482284,5.0343962,5.5826246,4.63266110049665,50.2566773811902,1890,96,2306.46815917659
180,11,1,no_improving_swap,13.9842989,0.6229241,0.6893911,6.2446367,6.9340278,4.45445355862638,49.5843792354867,2310,126,2117.85377516592
181,11,1,no_improving_swap,13.6685483,0.6182355,0.5482637,6.2657595,6.8140232,4.52305165428577,49.8518427154404,2310,114,2184.24387843384
182,15,1,no_improving_swap,18.3746393,0.8454613,0.534015,8.5304009,9.0644159,4.60124025400597,49.3311229244103,3150,118,2176.00319608648
183,12,1,no_improving_swap,14.9443999,0.6663608,0.5734163,6.7484733,7.3218896,4.45893314190555,48.9942028384827,2520,121,2075.90612256531
184,9,1,no_improving_swap,11.2677815,0.5028152,0.5453285,5.1059946,5.6513231,4.46241525006497,50.1547096915218,1890,122,2133.44882639569
185,5,1,no_improving_swap,6.5086216,0.2829804,0.5499201,2.8630841,3.4130042,4.34777772301281,52.4382028907626,1050,102,2627.38519918752
186,6,1,no_improving_swap,7.7590744,0.3569607,0.6065615,3.365191,3.9717525,4.60055776756052,51.1884832551676,1260,98,2349.33713457369
187,11,1,no_improving_swap,13.560067,0.6197896,0.5929459,6.2038462,6.7967921,4.57069718018355,50.1235878849271,2310,110,2097.51870507439
188,10,1,no_improving_swap,12.7154427,0.5778852,0.6202089,5.6322201,6.252429,4.54475092715411,49.1719332744899,2100,119,2101.24196613951
189,9,1,no_improving_swap,11.1959009,0.5033917,0.5341174,5.1157944,5.6499118,4.49621432429792,50.4641104852938,1890,108,2154.71606740358
190,12,1,no_improving_swap,14.9749324,0.6695084,0.5795924,6.8496388,7.4292312,4.47086091687466,49.6111167753919,2520,136,2057.81449699133
191,5,1,no_improving_swap,6.4521281,0.2786111,0.5977709,2.7477394,3.3455103,4.31812722379148,51.8512690409851,1050,121,2393.95880104244
192,10,1,no_improving_swap,12.5911163,0.5667115,0.5809382,5.7985026,6.3794408,4.50088369051122,50.6662050290172,2100,105,2101.83686450994
193,10,1,no_improving_swap,12.720463,0.5686381,0.5401267,5.7688616,6.3089883,4.47026259971827,49.5971593172355,2100,107,2097.85496523359
194,10,1,no_improving_swap,12.4377268,0.5824299,0.5546738,5.6791854,6.2338592,4.68276807623721,50.1205670476698,2100,125,2163.04083641602
195,10,1,no_improving_swap,12.4709636,0.5635047,0.5685931,5.6933343,6.2619274,4.51853375628488,50.2120573906575,2100,118,2110.12478824182
196,6,1,no_improving_swap,7.8776813,0.3551984,0.5401341,3.4322679,3.972402,4.50892066425688,50.4260308169613,1260,114,2633.51450977949
197,7,1,no_improving_swap,8.7667815,0.3904578,0.5402638,3.9218657,4.4621295,4.45383291462209,50.898148881662,1470,138,2287.98960115001
198,10,1,no_improving_swap,12.8412189,0.5707206,0.5486099,5.7878917,6.3365016,4.44444257546299,49.3450166167637,2100,129,2127.68675891891
199,8,1,no_improving_swap,10.000553,0.4579188,0.5476518,4.5240537,5.0717055,4.57893478490639,50.7142505019472,1680,130,2250.9804562684
200,5,1,no_improving_swap,6.5102647,0.2747263,0.5574202,2.8405603,3.3979805,4.21989446911429,52.194198801164,1050,123,2648.23488324151
