Location,OuterIters,Converged,StopReason,TimeTotal_s,TimeSwap_s,TimeFitInit_s,TimeFitLoop_s,TimeFitAll_s,SwapFrac_pct,FitFrac_pct,SwapEvals,SwapAccepts
1,7,1,no_improving_swap,0.4433074,0.0363595,0.0533411,0.174841,0.2281821,8.20187075604874,51.4726575735032,1470,135
2,20,0,max_iter_reached,1.14624,0.1082342,0.0232186,0.4916424,0.514861,9.44254257398102,44.9173820491346,4200,154
3,6,1,no_improving_swap,0.3813693,0.0357489,0.0404764,0.1467031,0.1871795,9.37382741610297,49.0809039951564,1260,127
4,11,1,no_improving_swap,0.6172206,0.0431868,0.0347233,0.2567444,0.2914677,6.99697968603122,47.2226137624052,2310,111
5,9,1,no_improving_swap,0.4569755,0.036833,0.0210491,0.2089131,0.2299622,8.06016952768803,50.3226540591345,1890,113
6,4,1,no_improving_swap,0.1923618,0.014276,0.0235701,0.0758678,0.0994379,7.42143190591895,51.6931636114863,840,83
7,9,1,no_improving_swap,0.4778348,0.0378123,0.0249678,0.2096822,0.23465,7.91325788745399,49.1069298426988,1890,182
8,11,1,no_improving_swap,0.5614091,0.0481105,0.0240263,0.2365457,0.260572,8.56959746466525,46.4139252463132,2310,108
9,11,1,no_improving_swap,0.5900463,0.0560996,0.0267609,0.2693094,0.2960703,9.50766067001861,50.1774691240331,2310,119
10,10,1,no_improving_swap,0.5299756,0.0541894,0.0250714,0.2247327,0.2498041,10.2248858249323,47.1350190461599,2100,125
11,13,1,no_improving_swap,0.6943604,0.0514472,0.0231832,0.3107388,0.333922,7.40929350233683,48.0905881153361,2730,138
12,11,1,no_improving_swap,0.5801508,0.0463061,0.0217377,0.259286,0.2810237,7.98173509370322,48.4397677293559,2310,153
13,17,1,no_improving_swap,0.8593168,0.0709488,0.0231394,0.3791939,0.4023333,8.25641951838949,46.8201366480907,3570,123
14,15,1,no_improving_swap,0.7061918,0.0588106,0.0228316,0.3137993,0.3366309,8.3278508756403,47.668480432653,3150,153
15,11,1,no_improving_swap,0.5312612,0.0499664,0.0212555,0.2318352,0.2530907,9.40524171537466,47.6395979981222,2310,132
16,13,1,no_improving_swap,0.5777298,0.0471402,0.0206871,0.2515514,0.2722385,8.15955832640103,47.1221148710003,2730,113
17,13,1,no_improving_swap,0.6051943,0.0496824,0.025458,0.2639396,0.2893976,8.20933045800332,47.8189566557385,2730,93
18,5,1,no_improving_swap,0.2409302,0.0183579,0.0215138,0.1035386,0.1250524,7.61959272851639,51.9039954310418,1050,109
19,8,1,no_improving_swap,0.4268716,0.0324622,0.0212428,0.185379,0.2066218,7.60467550429684,48.4037354558139,1680,106
20,10,1,no_improving_swap,0.5290283,0.0401075,0.0234602,0.2286301,0.2520903,7.58135245316744,47.6515717590155,2100,109
21,6,1,no_improving_swap,0.3438418,0.026961,0.021235,0.1544989,0.1757339,7.84110599700211,51.108940216111,1260,108
22,10,1,no_improving_swap,0.5194997,0.0416039,0.0289511,0.2134259,0.242377,8.00845505781813,46.6558498493839,2100,111
23,15,1,no_improving_swap,0.7974194,0.0654993,0.0227474,0.3536947,0.3764421,8.21390851539353,47.2075422293463,3150,182
24,11,1,no_improving_swap,0.5553102,0.0449355,0.0254182,0.2413308,0.266749,8.09196373486387,48.0360346343359,2310,117
25,11,1,no_improving_swap,0.5355097,0.043732,0.0247873,0.2318973,0.2566846,8.16642537007266,47.9327638696367,2310,157
26,7,1,no_improving_swap,0.3350579,0.0268857,0.0286968,0.140539,0.1692358,8.02419522118416,50.5094194167635,1470,94
27,12,1,no_improving_swap,0.566225,0.0443192,0.0235204,0.2554322,0.2789526,7.82713585588768,49.2653273875226,2520,151
28,12,1,no_improving_swap,0.556483,0.0449817,0.0210955,0.2479682,0.2690637,8.08321188607738,48.3507492591867,2520,159
29,6,1,no_improving_swap,0.2862102,0.0246739,0.0200606,0.1212284,0.141289,8.62090170091772,49.3654663600389,1260,127
30,4,1,no_improving_swap,0.2121557,0.0173639,0.0234057,0.0869449,0.1103506,8.18450788736763,52.0139689859853,840,75
31,7,1,no_improving_swap,0.3175309,0.0256542,0.0195763,0.1369083,0.1564846,8.07927669401624,49.2816919550192,1470,109
32,12,1,no_improving_swap,0.6082297,0.0569757,0.0217424,0.2585704,0.2803128,9.36746429843857,46.0866675862754,2520,123
33,5,1,no_improving_swap,0.2258392,0.0174891,0.0203043,0.0940954,0.1143997,7.74404974867074,50.6553778086355,1050,94
34,6,1,no_improving_swap,0.259068,0.0203419,0.019895,0.1095042,0.1293992,7.85195392715426,49.947967329041,1260,86
35,11,1,no_improving_swap,0.5422975,0.0506805,0.0215475,0.2455082,0.2670557,9.34551606820979,49.245239006265,2310,167
36,6,1,no_improving_swap,0.2775875,0.0218525,0.021277,0.1186788,0.1399558,7.87229252037646,50.4186247579592,1260,82
37,7,1,no_improving_swap,0.3295962,0.0265708,0.0205037,0.1423623,0.162866,8.06162206967192,49.4137978532519,1470,105
38,7,1,no_improving_swap,0.3672672,0.0302023,0.0207053,0.1646959,0.1854012,8.22352227479067,50.4812844708158,1470,116
39,10,1,no_improving_swap,0.4719964,0.0399417,0.0216038,0.2062298,0.2278336,8.4622891191543,48.2701986710068,2100,124
40,4,1,no_improving_swap,0.2289206,0.0211081,0.0227046,0.0925379,0.1152425,9.22070796599345,50.3416905250117,840,94
41,14,1,no_improving_swap,0.7169905,0.0591357,0.0272314,0.311971,0.3392024,8.24776618379184,47.3091902891322,2940,108
42,9,1,no_improving_swap,0.5668892,0.0505105,0.0216786,0.2507276,0.2724062,8.91011859107565,48.0528117311108,1890,194
43,10,1,no_improving_swap,0.5481204,0.0421433,0.0271102,0.2342963,0.2614065,7.68869394388532,47.6914378665709,2100,96
44,14,1,no_improving_swap,0.7376878,0.0614994,0.034788,0.3191688,0.3539568,8.33677878365346,47.9819240605579,2940,314
45,9,1,no_improving_swap,0.4470823,0.037564,0.0207729,0.1893444,0.2101173,8.40203246695295,46.9974543836784,1890,146
46,11,1,no_improving_swap,0.541422,0.0436535,0.0254667,0.2379316,0.2633983,8.06274957426924,48.6493530000628,2310,110
47,10,1,no_improving_swap,0.5120159,0.0395479,0.0216344,0.2206965,0.2423309,7.72395935360601,47.3287841256492,2100,147
48,12,1,no_improving_swap,0.6022558,0.0491305,0.028401,0.2638181,0.2922191,8.1577462599779,48.5207614438915,2520,158
49,12,1,no_improving_swap,0.6006373,0.0480977,0.0220512,0.2580995,0.2801507,8.00777773874516,46.6422414991543,2520,133
50,7,1,no_improving_swap,0.4607832,0.0412986,0.0222436,0.1903806,0.2126242,8.96269655664529,46.1440868503886,1470,93
51,9,1,no_improving_swap,0.4661566,0.0383175,0.0206104,0.2031539,0.2237643,8.21987718290377,48.001958998328,1890,105
52,12,1,no_improving_swap,0.5340019,0.0443113,0.0215013,0.2331156,0.2546169,8.29796673008092,47.680897764596,2520,116
53,9,1,no_improving_swap,0.4355293,0.0411301,0.0217406,0.1832001,0.2049407,9.44370447636933,47.0555482719532,1890,101
54,9,1,no_improving_swap,0.5255879,0.0440701,0.0218467,0.2257276,0.2475743,8.38491525394706,47.1042617229202,1890,140
55,7,1,no_improving_swap,0.3806931,0.0310623,0.0223562,0.1701496,0.1925058,8.15940714449513,50.5671891610329,1470,100
56,15,1,no_improving_swap,0.8280284,0.0695897,0.0240327,0.3666465,0.3906792,8.40426487787134,47.1818599458666,3150,107
57,17,1,no_improving_swap,0.8856983,0.0719546,0.0290955,0.3789327,0.4080282,8.12405307766764,46.0685314626888,3570,162
58,14,1,no_improving_swap,0.7555062,0.0627727,0.0220278,0.345812,0.3678398,8.30869422381974,48.6878598746112,2940,253
59,7,1,no_improving_swap,0.3881961,0.0289841,0.0281741,0.164188,0.1923621,7.46635527765477,49.5528162184009,1470,122
60,5,1,no_improving_swap,0.2797247,0.0219284,0.0223717,0.1265624,0.1489341,7.83927911979171,53.2430993759221,1050,101
61,14,1,no_improving_swap,0.7594173,0.0652271,0.0241609,0.3273301,0.351491,8.58909851013402,46.2843024513663,2940,107
62,13,1,no_improving_swap,0.6662781,0.0567284,0.02341,0.2967421,0.3201521,8.51422251459263,48.0508214212654,2730,141
63,8,1,no_improving_swap,0.3870873,0.0327536,0.0227277,0.1674626,0.1901903,8.46155376319502,49.1336967138937,1680,60
64,12,1,no_improving_swap,0.5770684,0.0478076,0.0228905,0.2512187,0.2741092,8.28456384026573,47.5002963253576,2520,116
65,14,1,no_improving_swap,0.7620911,0.0585367,0.0234018,0.3468526,0.3702544,7.68106332694346,48.5840078699253,2940,156
66,7,1,no_improving_swap,0.3557701,0.0299215,0.0224743,0.1498813,0.1723556,8.41034701904404,48.4457800135537,1470,110
67,10,1,no_improving_swap,0.4904439,0.0386938,0.0202024,0.2200681,0.2402705,7.88954659238294,48.9904146019555,2100,213
68,19,1,no_improving_swap,0.9890818,0.0859715,0.0219257,0.4377456,0.4596713,8.69205155731306,46.4745484144992,3990,253
69,16,1,no_improving_swap,0.8024204,0.0667745,0.0256457,0.347491,0.3731367,8.32163539212114,46.5013975217978,3360,163
70,11,1,no_improving_swap,0.5651963,0.0502676,0.0231887,0.2397174,0.2629061,8.89383033823824,46.5158919122436,2310,114
71,5,1,no_improving_swap,0.2582837,0.0191736,0.0221434,0.1087024,0.1308458,7.42346497281865,50.6597202998099,1050,85
72,8,1,no_improving_swap,0.4286263,0.034288,0.0226797,0.1870871,0.2097668,7.99950912951445,48.9393208022933,1680,109
73,9,1,no_improving_swap,0.4393287,0.0342543,0.0255901,0.1916347,0.2172248,7.79696386782835,49.4447096217479,1890,143
74,7,1,no_improving_swap,0.3503862,0.0313394,0.0243661,0.1450354,0.1694015,8.94424495028629,48.347081020885,1470,107
75,9,1,no_improving_swap,0.4433704,0.0365433,0.0232082,0.1985516,0.2217598,8.24216050507657,50.0168256608921,1890,146
76,13,1,no_improving_swap,0.5696197,0.0470802,0.0223522,0.2474733,0.2698255,8.26519869309295,47.3694115565174,2730,155
77,9,1,no_improving_swap,0.4474538,0.0376709,0.0233912,0.19189,0.2152812,8.4189473863,48.1124978712886,1890,219
78,11,1,no_improving_swap,0.5614598,0.0449935,0.0211381,0.2538718,0.2750099,8.01366366746115,48.9812271510801,2310,90
79,7,1,no_improving_swap,0.4073133,0.0320421,0.0302638,0.1618854,0.1921492,7.86669622622193,47.1747914934278,1470,80
80,3,1,no_improving_swap,0.1690964,0.0109138,0.0219129,0.0701688,0.0920817,6.45418826184354,54.4551510262785,630,70
81,8,1,no_improving_swap,0.4167157,0.0360401,0.0242006,0.1758742,0.2000748,8.64860623201862,48.012301912311,1680,111
82,12,1,no_improving_swap,0.7566436,0.0603555,0.0322276,0.3361662,0.3683938,7.97674096496686,48.6878895162795,2520,119
83,13,1,no_improving_swap,0.5948294,0.0464407,0.0313432,0.265314,0.2966572,7.80739822207846,49.8726525622305,2730,130
84,16,1,no_improving_swap,0.8076173,0.0688597,0.0203648,0.3570061,0.3773709,8.52627847372759,46.7264507582985,3360,181
85,10,1,no_improving_swap,0.465209,0.0386201,0.0240352,0.2033706,0.2274058,8.30166656277071,48.8825022731719,2100,153
86,5,1,no_improving_swap,0.2467102,0.0201627,0.0248253,0.1006105,0.1254358,8.17262520965894,50.8433781821749,1050,62
87,12,1,no_improving_swap,0.6565993,0.0537324,0.029023,0.2770641,0.3060871,8.18343851417447,46.6170311177609,2520,127
88,17,1,no_improving_swap,0.8806987,0.0761222,0.0265984,0.3961935,0.4227919,8.64338734688719,48.0064180860038,3570,168
89,8,1,no_improving_swap,0.3723015,0.0298752,0.0206186,0.1603005,0.1809191,8.02446404325527,48.5947813801449,1680,116
90,20,0,max_iter_reached,0.9320117,0.0780538,0.021496,0.419001,0.440497,8.37476611076878,47.2630332859555,4200,167
91,9,1,no_improving_swap,0.490484,0.0398867,0.0231689,0.2205921,0.243761,8.13211032368029,49.6980533513835,1890,140
92,12,1,no_improving_swap,0.545309,0.0443324,0.0238296,0.2360934,0.259923,8.12977596188583,47.6652686825268,2520,130
93,6,1,no_improving_swap,0.4316941,0.0259796,0.0239728,0.2061702,0.230143,6.01805769409403,53.3115926300591,1260,125
94,17,1,no_improving_swap,0.8433573,0.0730956,0.0271758,0.3771727,0.4043485,8.66721613721729,47.9450999001254,3570,132
95,14,1,no_improving_swap,0.6800663,0.0562119,0.0261585,0.2978134,0.3239719,8.26564998147975,47.6382817381188,2940,149
96,9,1,no_improving_swap,0.4761719,0.0394621,0.0249675,0.2094123,0.2343798,8.28736429008096,49.2216781376642,1890,199
97,15,1,no_improving_swap,0.8677594,0.0727598,0.0325715,0.365193,0.3977645,8.38478960873256,45.8381090426678,3150,128
98,11,1,no_improving_swap,0.556009,0.0457192,0.0292613,0.2467325,0.2759938,8.22274459586086,49.6383691630891,2310,134
99,10,1,no_improving_swap,0.5363596,0.0446552,0.0220574,0.2431463,0.2652037,8.325608416443,49.4451297226711,2100,113
100,8,1,no_improving_swap,0.3921227,0.0316034,0.0270775,0.1657973,0.1928748,8.05956910936296,49.1873589567755,1680,121
101,16,1,no_improving_swap,0.7716667,0.0709165,0.0273893,0.3366635,0.3640528,9.19004279956619,47.1774666446019,3360,132
102,5,1,no_improving_swap,0.2381342,0.0200941,0.0210784,0.0983175,0.1193959,8.43814118257688,50.1380734056679,1050,123
103,7,1,no_improving_swap,0.3357311,0.0270115,0.0200764,0.1447112,0.1647876,8.04557575988641,49.0832097473246,1470,220
104,9,1,no_improving_swap,0.4270498,0.0358192,0.0229426,0.1828927,0.2058353,8.38759320341562,48.199366912243,1890,133
105,7,1,no_improving_swap,0.3443027,0.0293629,0.0214406,0.1509917,0.1724323,8.52822240429715,50.0815997086285,1470,108
106,7,1,no_improving_swap,0.3542651,0.0277225,0.0209885,0.1524606,0.1734491,7.82535451558734,48.9602560342523,1470,138
107,9,1,no_improving_swap,0.4322141,0.0396833,0.0236009,0.1828045,0.2064054,9.18139875584809,47.7553601328601,1890,105
108,10,1,no_improving_swap,0.4727438,0.038907,0.0202226,0.2098706,0.2300932,8.2300391882453,48.6718598953598,2100,116
109,8,1,no_improving_swap,0.369755,0.0311651,0.0208304,0.160461,0.1812914,8.42858108747684,49.0301415802356,1680,113
110,11,1,no_improving_swap,0.5058881,0.0435306,0.0196188,0.221218,0.2408368,8.6047882921144,47.6067335839685,2310,108
111,16,1,no_improving_swap,0.7786198,0.0638229,0.0250514,0.3420499,0.3671013,8.19692743493037,47.1476964752245,3360,138
112,11,1,no_improving_swap,0.5628939,0.0479834,0.0222476,0.2463232,0.2685708,8.52441286004343,47.7125085206999,2310,97
113,9,1,no_improving_swap,0.4640768,0.0346993,0.0302972,0.1983715,0.2286687,7.47705983147617,49.2738917351611,1890,130
114,6,1,no_improving_swap,0.3296682,0.0248004,0.0210271,0.1426322,0.1636593,7.52283659752442,49.6436416979254,1260,101
115,7,1,no_improving_swap,0.3538091,0.0329851,0.0258165,0.1434735,0.16929,9.32285235173431,47.8478365875835,1470,122
116,6,1,no_improving_swap,0.2995181,0.0223199,0.0215794,0.1287059,0.1502853,7.45193696140567,50.1756988976626,1260,88
117,13,1,no_improving_swap,0.7105974,0.0549519,0.0216887,0.3293271,0.3510158,7.73319744766868,49.3972817800909,2730,140
118,7,1,no_improving_swap,0.3806286,0.0307833,0.0324853,0.1615428,0.1940281,8.0874900099467,50.9757017733297,1470,153
119,8,1,no_improving_swap,0.4236077,0.0356268,0.0236746,0.1832663,0.2069409,8.41032870743379,48.8520156739361,1680,88
120,14,1,no_improving_swap,0.6834109,0.0569519,0.0231812,0.2978962,0.3210774,8.33347843881331,46.9816036004108,2940,130
121,7,1,no_improving_swap,0.3258981,0.0277939,0.0200903,0.1359682,0.1560585,8.52840197595506,47.8856734666449,1470,58
122,13,1,no_improving_swap,0.6119331,0.0510041,0.0262618,0.2715515,0.2978133,8.33491438851731,48.6676239608545,2730,164
123,8,1,no_improving_swap,0.4094303,0.0382925,0.0225593,0.1766405,0.1991998,9.35262973942085,48.6529209000897,1680,145
124,14,1,no_improving_swap,0.6682694,0.056967,0.0224296,0.2929265,0.3153561,8.52455611464478,47.1899656036922,2940,166
125,11,1,no_improving_swap,0.5252508,0.0441776,0.020747,0.2330778,0.2538248,8.41076301073697,48.3244956504588,2310,140
126,12,1,no_improving_swap,0.5732252,0.0487544,0.0198058,0.2505584,0.2703642,8.50527855369931,47.1654421333884,2520,133
127,4,1,no_improving_swap,0.2152698,0.0191,0.0211569,0.0876565,0.1088134,8.87258686541261,50.5474525455963,840,85
128,11,1,no_improving_swap,0.4925516,0.0398299,0.0226706,0.2182227,0.2408933,8.08644211083671,48.9072210911507,2310,180
129,16,1,no_improving_swap,0.7713599,0.0595633,0.020237,0.3358107,0.3560477,7.72185590669155,46.1584404374663,3360,146
130,11,1,no_improving_swap,0.5831285,0.0476452,0.0250641,0.2552514,0.2803155,8.17061762544619,48.0709654904536,2310,127
131,6,1,no_improving_swap,0.3121157,0.0312458,0.0241867,0.1316172,0.1558039,10.0109670868848,49.9186359417357,1260,87
132,11,1,no_improving_swap,0.5455592,0.0468142,0.0247053,0.2379271,0.2626324,8.58095693372965,48.1400368649269,2310,144
133,20,0,max_iter_reached,1.0081753,0.0905647,0.0246369,0.4510965,0.4757334,8.98303102644947,47.1875674795841,4200,174
134,14,1,no_improving_swap,0.6523493,0.0543592,0.0217186,0.2935929,0.3153115,8.33283641141333,48.3347648261445,2940,138
135,15,1,no_improving_swap,0.8290419,0.0686421,0.0243113,0.3780892,0.4024005,8.27969008562776,48.5380171979245,3150,144
136,9,1,no_improving_swap,0.4986042,0.0392846,0.0346821,0.2030179,0.2377,7.87891477849565,47.6730841818019,1890,105
137,14,1,no_improving_swap,0.7208087,0.0550945,0.0252029,0.3366941,0.361897,7.64342883208818,50.2070799089967,2940,122
138,17,1,no_improving_swap,0.854197,0.0651231,0.0368831,0.3690974,0.4059805,7.62389706355794,47.5277365759889,3570,152
139,13,1,no_improving_swap,0.5846119,0.0505142,0.0230884,0.2519192,0.2750076,8.6406383448575,47.0410540736513,2730,137
140,12,1,no_improving_swap,0.5687183,0.0474373,0.0277105,0.2486911,0.2764016,8.34108907696482,48.6007923430633,2520,101
141,15,1,no_improving_swap,0.7554251,0.0597741,0.0204547,0.3420287,0.3624834,7.91264415227929,47.9840291247935,3150,181
142,10,1,no_improving_swap,0.5052035,0.0430118,0.0207132,0.2156996,0.2364128,8.51375732749278,46.7955586214268,2100,172
143,8,1,no_improving_swap,0.4205712,0.0315123,0.0256307,0.1887933,0.214424,7.49273844714046,50.9839950999973,1680,131
144,20,0,max_iter_reached,0.9600318,0.0847085,0.0237885,0.4272957,0.4510842,8.82350980457106,46.9863810761269,4200,178
145,14,1,no_improving_swap,0.6634358,0.0552445,0.0226379,0.2924354,0.3150733,8.3270302868793,47.4911513668693,2940,195
146,9,1,no_improving_swap,0.4329742,0.0372649,0.0203159,0.1866764,0.2069923,8.60672529679598,47.8070748788265,1890,111
147,8,1,no_improving_swap,0.3867421,0.032373,0.0207944,0.1683584,0.1891528,8.37069457915236,48.9092860591076,1680,79
148,7,1,no_improving_swap,0.3375024,0.0259202,0.0220184,0.1492277,0.1712461,7.68000464589289,50.739224372923,1470,93
149,9,1,no_improving_swap,0.5372822,0.0495508,0.0262242,0.2146558,0.24088,9.22249052732437,44.8330504900404,1890,125
150,6,1,no_improving_swap,0.3130538,0.0249869,0.0231891,0.120781,0.1439701,7.98166321571564,45.9889322538171,1260,67
151,7,1,no_improving_swap,0.3392383,0.0273436,0.0204244,0.145365,0.1657894,8.06029272048587,48.8710738144838,1470,73
152,10,1,no_improving_swap,0.5884318,0.054094,0.0290728,0.2639683,0.2930411,9.19290901681384,49.8003506948469,2100,146
153,14,1,no_improving_swap,0.7962121,0.0677111,0.0222366,0.344672,0.3669086,8.50415360429715,46.0817664037007,2940,140
154,11,1,no_improving_swap,0.5359019,0.0424655,0.0220091,0.2338912,0.2559003,7.92411820148426,47.7513328465527,2310,141
155,8,1,no_improving_swap,0.4231971,0.034953,0.0253678,0.1851516,0.2105194,8.25927209803659,49.7450006155524,1680,110
156,10,1,no_improving_swap,0.4726847,0.0394026,0.0220391,0.2109485,0.2329876,8.33591609798244,49.290277430177,2100,92
157,8,1,no_improving_swap,0.4322875,0.0339905,0.032817,0.1851592,0.2179762,7.86293843796085,50.4238961339386,1680,199
158,9,1,no_improving_swap,0.4343172,0.034261,0.0205763,0.1976012,0.2181775,7.88847413825656,50.234598123215,1890,112
159,9,1,no_improving_swap,0.4962724,0.0387132,0.0218447,0.2180428,0.2398875,7.80079649805228,48.3378684770703,1890,152
160,10,1,no_improving_swap,0.5195896,0.0404382,0.0221222,0.2273155,0.2494377,7.78271928460462,48.0066768080039,2100,122
161,11,1,no_improving_swap,0.5225368,0.0433786,0.0227635,0.2275257,0.2502892,8.30153971930781,47.8988656875458,2310,118
162,11,1,no_improving_swap,0.4901768,0.0435772,0.0226696,0.214503,0.2371726,8.89009842979105,48.3851132897355,2310,171
163,7,1,no_improving_swap,0.336304,0.0249574,0.0221723,0.1365588,0.1587311,7.42108330558067,47.1986952281269,1470,167
164,12,1,no_improving_swap,0.5190112,0.0444331,0.0197142,0.2299103,0.2496245,8.56110619578152,48.0961682522458,2520,209
165,12,1,no_improving_swap,0.5643661,0.0506504,0.0206422,0.2492751,0.2699173,8.97474175008031,47.8266323934056,2520,118
166,13,1,no_improving_swap,0.6377212,0.0536583,0.020036,0.2835149,0.3035509,8.41406871843056,47.5993114232364,2730,130
167,8,1,no_improving_swap,0.3951852,0.0319307,0.0207727,0.1655153,0.186288,8.07993315539145,47.139417164408,1680,148
168,20,1,no_improving_swap,1.0004419,0.0788437,0.0201845,0.435541,0.4557255,7.8808874358421,45.5524203854317,4200,168
169,11,1,no_improving_swap,0.5436384,0.0447702,0.0225738,0.2376903,0.2602641,8.23529022232425,47.8744878948948,2310,153
170,19,1,no_improving_swap,1.0417093,0.0835167,0.0230822,0.4588855,0.4819677,8.01727506896598,46.2670055839955,3990,122
171,13,1,no_improving_swap,0.853079,0.0644287,0.0300605,0.3865761,0.4166366,7.5524892770775,48.839157920896,2730,175
172,10,1,no_improving_swap,0.6093805,0.0483593,0.0233306,0.2725617,0.2958923,7.93581350240121,48.5562468769513,2100,93
173,12,1,no_improving_swap,0.6837682,0.0594854,0.0202145,0.2998307,0.3200452,8.69964411916202,46.8060959839899,2520,99
174,15,1,no_improving_swap,0.6838848,0.0583065,0.0275419,0.2958092,0.3233511,8.52577802577276,47.2815158342458,3150,173
175,16,1,no_improving_swap,0.8053206,0.0698749,0.0239891,0.3562857,0.3802748,8.67665622858772,47.2202995924853,3360,108
176,12,1,no_improving_swap,0.577501,0.0452067,0.0210166,0.2575743,0.2785909,7.82798644504512,48.2407649510564,2520,95
177,7,1,no_improving_swap,0.3528166,0.0267305,0.020937,0.1519678,0.1729048,7.57631585361913,49.0069911676491,1470,121
178,18,1,no_improving_swap,1.0900591,0.0974855,0.0258025,0.4698001,0.4956026,8.94313895457595,45.4656632837614,3780,247
179,12,1,no_improving_swap,0.5832974,0.0500997,0.0202904,0.2551742,0.2754646,8.58904908542366,47.2254119425185,2520,170
180,7,1,no_improving_swap,0.345525,0.0283734,0.021377,0.1474088,0.1687858,8.2116778814847,48.8490847261414,1470,106
181,7,1,no_improving_swap,0.3362214,0.0282353,0.0204047,0.1439125,0.1643172,8.39782952542581,48.8717255950989,1470,165
182,13,1,no_improving_swap,0.5706371,0.0477349,0.02082,0.2489628,0.2697828,8.36519392097009,47.2774728457018,2730,113
183,7,1,no_improving_swap,0.3656936,0.0289966,0.0208665,0.159083,0.1799495,7.92920630823181,49.2077247181794,1470,90
184,7,1,no_improving_swap,0.3773589,0.0279419,0.0215069,0.1507042,0.1722111,7.40459546601392,45.6358919850572,1470,115
185,7,1,no_improving_swap,0.3394315,0.0273538,0.0225951,0.14614,0.1687351,8.05870993116432,49.711090455659,1470,149
186,8,1,no_improving_swap,0.4159352,0.0337763,0.0224397,0.1779995,0.2004392,8.12056781921799,48.1900065202464,1680,102
187,10,1,no_improving_swap,0.5218749,0.043068,0.0335746,0.2187762,0.2523508,8.25255247953101,48.3546535769396,2100,159
188,12,1,no_improving_swap,0.6689501,0.050748,0.0211715,0.2844759,0.3056474,7.58621607202092,45.6906127975764,2520,125
189,10,1,no_improving_swap,0.6037037,0.0477218,0.0301872,0.2632197,0.2934069,7.90483808530576,48.6011432429518,2100,129
190,16,1,no_improving_swap,0.7492121,0.0621257,0.021838,0.3350131,0.3568511,8.29213783386574,47.6301837623818,3360,126
191,8,1,no_improving_swap,0.3933915,0.033459,0.0228339,0.1712168,0.1940507,8.50526765321569,49.3276290921385,1680,145
192,11,1,no_improving_swap,0.5532413,0.0438279,0.0220389,0.2401397,0.2621786,7.92202245204759,47.3895567811008,2310,108
193,7,1,no_improving_swap,0.342657,0.0270159,0.0246094,0.1438622,0.1684716,7.88423992505625,49.1662507989039,1470,80
194,7,1,no_improving_swap,0.3498714,0.0296412,0.0237318,0.1471404,0.1708722,8.47202715054732,48.8385732586316,1470,107
195,15,1,no_improving_swap,0.7258185,0.0623057,0.0233462,0.3223108,0.345657,8.5841983911956,47.623062790491,3150,217
196,8,1,no_improving_swap,0.3777903,0.0314844,0.0213012,0.1583201,0.1796213,8.33382964041163,47.5452387210577,1680,232
197,14,1,no_improving_swap,0.662533,0.0560236,0.0233781,0.286154,0.3095321,8.45597124973398,46.7194992551314,2940,158
198,13,1,no_improving_swap,0.6149203,0.0505564,0.0202292,0.2716355,0.2918647,8.22161831378798,47.4638257998638,2730,199
199,11,1,no_improving_swap,0.5722525,0.0456723,0.0236806,0.2504403,0.2741209,7.98114468700442,47.9020886758905,2310,113
200,20,0,max_iter_reached,0.89662,0.0689355,0.0215776,0.4101861,0.4317637,7.688374116125,48.1545916887868,4200,147
