Location,OuterIters,Converged,StopReason,TimeTotal_s,TimePermSwap_s,TimeFitInit_s,TimeFitLoop_s,TimeFitTotal_s,PermFrac_pct,FitFrac_pct,SwapEvals,SwapAccepts,FinalLoss
1,10,0,max_iter_reached,31.6573427,0.6465797,1.4182697,14.904701,16.3229707,2.04243200740914,51.5614050575382,2100,133,3661.7214230323
2,9,1,no_improving_swap,28.9741212,0.5473652,1.4382915,13.6244881,15.0627796,1.88915203405721,51.9870110849126,1890,140,2556.50416630438
3,10,0,max_iter_reached,31.4144335,0.5976523,1.4271049,14.8270594,16.2541643,1.90247677074934,51.7410708679499,2100,143,3422.34452036566
4,10,1,no_improving_swap,31.7883044,0.6071795,1.4411629,14.9591735,16.4003364,1.9100719949064,51.592359861761,2100,148,2056.1168628302
5,8,1,no_improving_swap,25.8903583,0.5043566,1.5233243,12.0419833,13.5653076,1.94804797274667,52.395209995993,1680,166,3450.57322414284
6,7,1,no_improving_swap,22.4908495,0.4175014,1.4353355,10.3595276,11.7948631,1.85631672116253,52.4429417394839,1470,122,2970.54314706837
7,10,0,max_iter_reached,32.2825998,0.6323609,1.4369655,15.1253319,16.5622974,1.95882891687057,51.3041003593521,2100,156,2281.71389414515
8,7,1,no_improving_swap,23.2283661,0.4476723,1.5259232,10.4814388,12.007362,1.92726556001716,51.6926672685773,1470,89,2400.5646469906
9,10,0,max_iter_reached,32.9711086,0.6294715,1.5303967,15.5443134,17.0747101,1.90916085848566,51.7868850184795,2100,150,3009.64862178556
10,8,1,no_improving_swap,26.3298783,0.4986038,1.4882707,12.2546234,13.7428941,1.89368060998596,52.1950536322836,1680,116,3389.06927524047
11,10,0,max_iter_reached,32.0951702,0.634086,1.450566,14.919131,16.369697,1.97564305173867,51.0036148678844,2100,141,2345.7981620436
12,10,1,no_improving_swap,31.7171337,0.6612795,1.4426124,14.7200586,16.162671,2.08492831116073,50.9588008578467,2100,155,3552.3782669196
13,10,0,max_iter_reached,31.7169019,0.6094187,1.5381208,14.7264043,16.2645251,1.92143199206982,51.2803083708501,2100,166,2329.75034734742
14,8,1,no_improving_swap,25.6749706,0.4809094,1.5197376,11.8485516,13.3682892,1.87306699389171,52.0673982777608,1680,134,2522.31239763528
15,10,0,max_iter_reached,31.4520104,0.6197472,1.4627544,14.6561049,16.1188593,1.970453373626,51.2490587883056,2100,136,2403.02597415783
16,10,0,max_iter_reached,32.2809254,0.6170533,1.4242735,14.9322749,16.3565484,1.91151056654652,50.6693912808336,2100,205,3105.98389419537
17,10,0,max_iter_reached,31.8616032,0.5964644,1.4465072,14.9132117,16.3597189,1.8720476689635,51.3461886939826,2100,143,2963.03807806952
18,10,0,max_iter_reached,31.8540879,0.6471045,1.4682193,14.9224565,16.3906758,2.03146453928131,51.4554861889484,2100,124,2747.91283305669
19,9,1,no_improving_swap,28.9460202,0.588314,1.4452211,13.4111137,14.8563348,2.03245211581798,51.3242742779541,1890,124,2830.40850735335
20,10,1,no_improving_swap,32.6855172,0.6169803,1.4349651,15.2094853,16.6444504,1.88762593605219,50.923013694885,2100,178,1946.94391570186
21,10,0,max_iter_reached,32.1663007,0.6215101,1.4295704,15.120008,16.5495784,1.93217773407186,51.4500518861344,2100,124,2036.78802378453
22,10,0,max_iter_reached,32.0631213,0.6113573,1.5094238,15.0981661,16.6075899,1.90673045920829,51.7965476430393,2100,108,2915.87197308564
23,10,1,no_improving_swap,32.3920332,0.6511654,1.4449999,15.2494015,16.6944014,2.0102640546812,51.5386030167443,2100,167,3568.83594056964
24,8,1,no_improving_swap,26.0838623,0.4776436,1.4704168,12.0360083,13.5064251,1.8311843334643,51.7807713622227,1680,134,2966.82145868665
25,10,0,max_iter_reached,32.2257365,0.6173525,1.600273,15.1161377,16.7164107,1.91571261683965,51.8728585148085,2100,139,2447.27580995434
26,10,0,max_iter_reached,32.2411608,0.6241498,1.6006175,15.0762529,16.6768704,1.93587880992176,51.7254031374702,2100,195,2867.02310796393
27,8,1,no_improving_swap,27.0099486,0.5019718,1.5293843,12.717929,14.2473133,1.85847003055755,52.7483910132284,1680,128,3317.11155918294
28,9,1,no_improving_swap,28.0918335,0.5460524,1.3969543,12.9585919,14.3555462,1.94381189109639,51.1022044894293,1890,115,1816.43552501376
29,10,0,max_iter_reached,31.2388424,0.6192862,1.4041121,14.6216649,16.025777,1.98242365088407,51.3008030028667,2100,115,2371.70631488991
30,10,0,max_iter_reached,31.7124891,0.608885,1.5018717,14.9039419,16.4058136,1.92001642658822,51.7329735558348,2100,176,3003.85160554939
31,10,0,max_iter_reached,31.7453762,0.6103798,1.4090749,14.764407,16.1734819,1.92273607392311,50.9475200360045,2100,169,3383.70983503528
32,10,0,max_iter_reached,31.9209683,0.6052086,1.4992773,14.584835,16.0841123,1.89595940296084,50.3872944856751,2100,150,2247.85299051246
33,10,0,max_iter_reached,32.1493503,0.6055033,1.5422694,14.9036137,16.4458831,1.88340757853511,51.1546359305432,2100,190,2807.54826479983
34,10,0,max_iter_reached,32.1472111,0.6315193,1.5010319,15.0203163,16.5213482,1.96446061226132,51.3927884711592,2100,146,2300.23599232976
35,10,1,no_improving_swap,32.1355699,0.6234706,1.5141693,14.8860448,16.4002141,1.94012616530569,51.0344585486875,2100,133,2927.00545193928
36,10,0,max_iter_reached,31.6766993,0.6080811,1.4342614,14.9883524,16.4226138,1.91964792240838,51.8444603222912,2100,155,2809.88792362331
37,8,1,no_improving_swap,26.1408244,0.5084421,1.4498376,12.2425902,13.6924278,1.94501172656207,52.3794796617049,1680,174,3010.93684308035
38,10,0,max_iter_reached,32.2156911,0.6190422,1.5002781,15.1046991,16.6049772,1.92155492824427,51.5431351401305,2100,117,2569.42465960111
39,6,1,no_improving_swap,20.3363503,0.3893391,1.4347314,9.2071012,10.6418326,1.91449839453247,52.3291172851207,1260,148,4790.82949837942
40,10,0,max_iter_reached,32.1386728,0.6089739,1.5293496,14.7403012,16.2696508,1.89483213507186,50.6232814940634,2100,196,3004.71048271768
41,10,0,max_iter_reached,31.8539112,0.6186699,1.4407955,14.8773982,16.3181937,1.94221016099273,51.2282262531077,2100,142,2612.31406545784
42,7,1,no_improving_swap,22.9580161,0.4263616,1.4788918,10.5479908,12.0268826,1.85713607893149,52.3864193997146,1470,115,2680.16440587692
43,10,0,max_iter_reached,32.1710038,0.6103732,1.5162644,15.1223102,16.6385746,1.89727744833377,51.7191651943419,2100,136,2924.41088368515
44,10,0,max_iter_reached,32.0464913,0.653825,1.5629106,14.8616675,16.4245781,2.04023895745491,51.2523444337259,2100,157,3492.52049776784
45,10,0,max_iter_reached,32.0994559,0.6306144,1.4951993,15.0103455,16.5055448,1.96456414078969,51.4200142563787,2100,150,3095.201286735
46,6,1,no_improving_swap,19.3898684,0.3658192,1.4866944,8.6424749,10.1291693,1.88665127814895,52.239494828134,1260,107,2821.22276993057
47,7,1,no_improving_swap,22.4748363,0.4241341,1.4174108,10.3929538,11.8103646,1.88715100897086,52.5492797471455,1470,156,2960.00709757127
48,9,1,no_improving_swap,28.5829619,0.5617986,1.4213054,13.3063295,14.7276349,1.96550169281092,51.5259228610594,1890,181,2544.22861855031
49,10,0,max_iter_reached,31.3968355,0.5901467,1.4563763,14.552241,16.0086173,1.87963751952008,50.9879962265624,2100,130,3098.25768482332
50,10,0,max_iter_reached,31.7119845,0.6293917,1.5109231,14.7501518,16.2610749,1.98471243576699,51.2773803228871,2100,100,2437.29664020878
51,6,1,no_improving_swap,19.6300483,0.3523942,1.4191896,8.9566758,10.3758654,1.7951774474238,52.857054865219,1260,88,3191.51518589589
52,7,1,no_improving_swap,23.0627211,0.4373078,1.5011861,10.5685073,12.0696934,1.89616740411434,52.3342122018724,1470,130,2292.08198411011
53,8,1,no_improving_swap,25.2760167,0.4741525,1.5526717,11.5004947,13.0531664,1.87589882388391,51.6424979257115,1680,150,3232.91224780254
54,10,0,max_iter_reached,32.2828358,0.6214879,1.3842328,15.2013786,16.5856114,1.92513416061175,51.3759432496943,2100,144,4191.72263371704
55,10,0,max_iter_reached,31.8221596,0.6087971,1.5391747,14.798766,16.3379407,1.91312314328283,51.3413951327175,2100,173,3353.3804326074
56,10,1,no_improving_swap,31.5608074,0.590474,1.4093585,14.7124069,16.1217654,1.87090904398092,51.0816000226914,2100,155,3022.21554738221
57,10,0,max_iter_reached,30.966738,0.6012105,1.4637107,14.3574899,15.8212006,1.94147184634042,51.090949908899,2100,127,2061.64324035062
58,9,1,no_improving_swap,28.2813278,0.5438633,1.5264381,13.0970625,14.6235006,1.92304726230004,51.7072631929255,1890,153,2918.80690817158
59,10,0,max_iter_reached,31.1140082,0.6006749,1.4264031,14.4065895,15.8329926,1.93056097478306,50.8870232926146,2100,185,2657.38128707507
60,9,1,no_improving_swap,28.1358054,0.53039,1.4464144,13.0752315,14.5216459,1.88510686813323,51.6126895731231,1890,145,2416.02553280609
61,9,1,no_improving_swap,28.2623328,0.5265685,1.4219784,13.1594231,14.5814015,1.86314591837232,51.5930571024909,1890,138,3042.12455407024
62,10,0,max_iter_reached,31.0834523,0.6126118,1.4678446,14.543732,16.0115766,1.97086151849356,51.5115774318286,2100,177,2603.70295838226
63,6,1,no_improving_swap,20.8053741,0.3615231,1.4563792,9.6263286,11.0827078,1.73764287180013,53.268486049477,1260,121,2662.18747721947
64,8,1,no_improving_swap,26.0946677,0.5096827,1.5049652,12.0933921,13.5983573,1.95320632498417,52.111632370011,1680,123,2523.56919331303
65,10,0,max_iter_reached,33.3364835,0.6092934,1.67229,15.4655067,17.1377967,1.82770747250531,51.4085317367082,2100,118,3203.57574472708
66,10,0,max_iter_reached,32.0678501,0.6330673,1.4413327,14.9885012,16.4298339,1.974149492485,51.2345974200497,2100,165,4763.62088930783
67,9,1,no_improving_swap,29.1307018,0.5516544,1.545971,13.5023055,15.0482765,1.89372162671344,51.6577891027672,1890,170,2748.75199997543
68,7,1,no_improving_swap,23.2632554,0.4450201,1.7731227,10.3582244,12.1313471,1.91297431227102,52.1481060642957,1470,111,3277.75149907924
69,9,1,no_improving_swap,28.2982339,0.5575073,1.4190504,13.2046712,14.6237216,1.97011340697131,51.6771528982238,1890,134,3187.13174175474
70,10,1,no_improving_swap,31.3585135,0.6207621,1.5446993,14.7065795,16.2512788,1.97956481578758,51.8241363704947,2100,105,2934.66215457826
71,10,0,max_iter_reached,37.678883,0.736477,1.5523942,17.6911192,19.2435134,1.95461473738486,51.0724094448341,2100,140,4491.05852477123
72,8,1,no_improving_swap,30.319658,0.5684739,2.5526431,13.5829108,16.1355539,1.87493506687971,53.218126339024,1680,111,2913.46099907691
73,10,0,max_iter_reached,36.6277073,0.7205141,1.7578573,17.3249546,19.0828119,1.96712858410332,52.0993895241704,2100,146,2521.66484326237
74,9,1,no_improving_swap,31.3181822,0.5730666,1.9526973,14.2052326,16.1579299,1.82982076143615,51.5928089210746,1890,135,2733.12555419157
75,10,0,max_iter_reached,29.2593527,0.5527954,1.416265,13.5453082,14.9615732,1.88929470063089,51.1343273838043,2100,147,3057.87062954267
76,9,1,no_improving_swap,26.0430255,0.5064359,1.3345809,12.0575311,13.392112,1.9446123876813,51.4230268675965,1890,150,2832.54312533166
77,10,0,max_iter_reached,28.5388143,0.5567353,1.3390444,13.2832868,14.6223312,1.95080038766712,51.2366458055687,2100,133,2571.06230537202
78,10,0,max_iter_reached,813.6009248,0.555816,1.3086727,13.4790749,14.7877476,0.0683155565656014,1.81756769802531,2100,194,2095.06491750866
79,10,0,max_iter_reached,30.0261355,0.5766694,1.3127626,14.2824572,15.5952198,1.92055817506052,51.9388177676078,2100,120,2583.89335344534
80,10,0,max_iter_reached,29.9908896,0.5778755,1.4046635,14.1009855,15.505649,1.92683680846866,51.7011972862586,2100,145,2556.14386447957
81,10,0,max_iter_reached,29.6446445,0.5782391,1.4337598,13.6927753,15.1265351,1.95056850825113,51.0261983408167,2100,185,2599.9161334921
82,8,1,no_improving_swap,24.090885,0.4505994,1.3452475,11.0133209,12.3585684,1.87041447418806,51.2997691865616,1680,146,2930.26186496623
83,10,0,max_iter_reached,29.9469708,0.5782149,1.4672382,13.9711599,15.4383981,1.93079595215687,51.5524531783362,2100,169,3583.55014856265
84,10,0,max_iter_reached,29.5290505,0.5668584,1.3543462,13.7285315,15.0828777,1.91966348528545,51.0780991755898,2100,166,4155.05228156242
85,10,1,no_improving_swap,29.6968215,0.5733769,1.3482419,14.0048044,15.3530463,1.93076858410588,51.6992914544744,2100,137,2224.16872483507
86,8,1,no_improving_swap,23.9145452,0.4579257,1.3658801,11.0995175,12.4653976,1.91484176751143,52.1247529306976,1680,136,3597.10778576309
87,10,0,max_iter_reached,29.4055117,0.5693872,1.4407785,13.7558135,15.196592,1.93632814762411,51.6793999541249,2100,151,2761.095323849
88,6,1,no_improving_swap,18.3055704,0.3388767,1.5175615,8.2656236,9.7831851,1.85122174614127,53.443759938778,1260,126,2655.87808577325
89,10,0,max_iter_reached,30.1759636,0.5780055,1.3520565,14.0927083,15.4447648,1.91545001731113,51.1823416966211,2100,104,2921.09290349138
90,10,0,max_iter_reached,30.4915658,0.586072,1.3535044,14.3271135,15.6806179,1.92207905571055,51.4260828809257,2100,161,3392.75701067838
91,10,1,no_improving_swap,30.6705776,0.5772048,1.3865583,14.4060258,15.7925841,1.88194955937185,51.4909901794611,2100,177,3382.94136624925
92,10,0,max_iter_reached,31.7245409,0.61988,1.4675815,14.7567606,16.2243421,1.95394474565903,51.1412983126889,2100,132,4091.28082983895
93,10,0,max_iter_reached,31.5536956,0.6191169,1.66606,14.6170377,16.2830977,1.96210582699543,51.6044076307816,2100,145,2294.67540428632
94,10,0,max_iter_reached,31.0961043,0.5906437,1.4184953,14.7128097,16.131305,1.89941381178092,51.8756460435464,2100,180,2984.90074007695
95,10,0,max_iter_reached,31.4113084,0.6131052,1.4207707,14.6635151,16.0842858,1.95186138760142,51.2053990084666,2100,114,2259.79916512383
96,9,1,no_improving_swap,28.0060549,0.5278086,1.602055,12.9176384,14.5196934,1.88462317125573,51.844836596389,1890,185,2384.62897955062
97,10,0,max_iter_reached,28.8135194,0.5528795,1.3385839,13.5744971,14.913081,1.91881974681649,51.7572351817599,2100,156,2815.01974929407
98,9,1,no_improving_swap,27.2025526,0.5340343,1.4138782,12.6933346,14.1072128,1.96317716154329,51.8598861196578,1890,139,2637.83091101157
99,7,1,no_improving_swap,22.0678419,0.4254234,1.4472801,10.088472,11.5357521,1.92779793297323,52.2740381786041,1470,118,3453.08056223289
100,10,0,max_iter_reached,30.7162755,0.5871837,1.5184092,14.37497,15.8933792,1.91163704076036,51.7425336935788,2100,150,2497.68487370366
101,10,1,no_improving_swap,31.8954985,0.6150319,1.4443838,15.0249491,16.4693329,1.92827179045344,51.6352892242772,2100,143,3345.48647493379
102,9,1,no_improving_swap,29.2995326,0.5673409,1.4999051,13.5903932,15.0902983,1.93634795389193,51.5035461691973,1890,175,3190.32262579311
103,10,0,max_iter_reached,30.9327849,0.5919132,1.4730119,14.3349939,15.8080058,1.91354642627085,51.1043730821663,2100,148,2277.01834478538
104,8,1,no_improving_swap,24.9935311,0.4877537,1.4718917,11.5644437,13.0363354,1.95151976744895,52.1588380122887,1680,147,1937.18377411859
105,10,0,max_iter_reached,30.9842571,0.6436282,1.3916027,14.3682043,15.759807,2.07727491391104,50.8639175989796,2100,159,2622.6002280545
106,9,1,no_improving_swap,29.3815617,0.56565,1.4678529,13.4902387,14.9580916,1.92518697874388,50.9097908161907,1890,114,2446.09044866501
107,10,0,max_iter_reached,33.4616413,0.66594,1.4985122,15.7012487,17.1997609,1.99015940081815,51.4014263251337,2100,153,3625.72812713253
108,10,0,max_iter_reached,31.7850151,0.6066331,1.5162985,14.7023355,16.218634,1.9085506113225,51.0260383673689,2100,146,2692.10510567687
109,9,1,no_improving_swap,29.1601475,0.571545,1.4256032,13.7844208,15.210024,1.96002094982544,52.1603122892297,1890,126,2743.86247303806
110,8,1,no_improving_swap,25.8995946,0.4759453,1.7041161,11.9268543,13.6309704,1.8376554048456,52.6300531360441,1680,121,3561.53913533784
111,10,1,no_improving_swap,32.9970068,0.6449086,1.3995733,15.4044821,16.8040554,1.95444575900139,50.9259991424434,2100,149,2949.16399134008
112,8,1,no_improving_swap,26.1016409,0.4921569,1.5138339,12.0944733,13.6083072,1.8855400772907,52.1358302803101,1680,127,2118.17453240088
113,10,0,max_iter_reached,32.1240849,0.6040916,1.421837,15.039477,16.461314,1.88049434522569,51.2429040430036,2100,109,3938.9613963608
114,5,1,no_improving_swap,16.2362383,0.2923792,1.607361,7.0811221,8.6884831,1.80078165026686,53.512906989053,1050,129,3999.39287654037
115,9,1,no_improving_swap,28.0157375,0.526324,1.5954368,12.9884338,14.5838706,1.8786726567523,52.0559938855795,1890,160,3095.70806082355
116,9,1,no_improving_swap,27.9358983,0.5388711,1.4238082,12.9066351,14.3304433,1.92895569067847,51.2975926032777,1890,151,2155.5529106735
117,10,1,no_improving_swap,31.0139842,0.6134524,1.425917,14.6037605,16.0296775,1.97798643361661,51.6853216814368,2100,146,2512.8266363907
118,9,1,no_improving_swap,27.8955947,0.5516557,1.4608815,12.8934257,14.3543072,1.9775728244288,51.4572546467346,1890,147,2419.50647103724
119,10,0,max_iter_reached,30.9820169,0.6033518,1.3981666,14.5993506,15.9975172,1.94742583075668,51.6348475686229,2100,129,2877.07836782634
120,10,0,max_iter_reached,30.6948723,0.6006442,1.3960758,14.3242503,15.7203261,1.95682260583961,51.2148281522579,2100,147,2421.3170132601
121,10,1,no_improving_swap,44.8824855,0.8863071,2.0038979,20.8090033,22.8129012,1.97472820439055,50.8280701165714,2100,135,2032.86980265856
122,10,1,no_improving_swap,31.4682144,0.6222023,1.9429351,14.314146,16.2570811,1.97724056437088,51.6619115827557,2100,137,3117.35757573622
123,10,0,max_iter_reached,31.1824505,0.6052507,1.4631408,14.5423115,16.0054523,1.9409978699397,51.3283980038708,2100,142,1990.16540507834
124,10,0,max_iter_reached,30.9758355,0.5858302,1.5429355,14.2700163,15.8129518,1.89124906735768,51.0493148764301,2100,143,2345.86610421494
125,10,0,max_iter_reached,32.4010871,0.6021075,1.505318,15.1996247,16.7049427,1.858294131125,51.556735267688,2100,159,2291.40462951961
126,10,0,max_iter_reached,32.2940905,0.6228137,1.5250977,14.826572,16.3516697,1.92856863394249,50.6336281555909,2100,165,3678.32408676319
127,10,0,max_iter_reached,31.4332448,0.5999897,1.4276306,14.6065806,16.0342112,1.90877430509497,51.0103595795493,2100,129,2655.9439607797
128,6,1,no_improving_swap,19.6048332,0.3563909,1.4393022,9.0476639,10.4869661,1.81787264581267,53.4917384555967,1260,177,2949.87481164472
129,9,1,no_improving_swap,28.495786,0.5389395,1.4922872,13.0085827,14.5008699,1.8912954357532,50.8877695109024,1890,139,3725.46880612993
130,9,1,no_improving_swap,28.4129573,0.5305815,1.4272434,13.274134,14.7013774,1.86739273352584,51.7418065454243,1890,153,2484.31712518433
131,10,0,max_iter_reached,31.5234051,0.6080941,1.4075162,14.5867115,15.9942277,1.92902415862428,50.7376270084478,2100,131,2022.65924457928
132,10,0,max_iter_reached,32.4632884,0.6098771,1.3995005,15.3359718,16.7354723,1.87866704224579,51.5519934203585,2100,115,3089.24038135083
133,9,1,no_improving_swap,28.1484227,0.5437973,1.4114002,12.9868862,14.3982864,1.9318926172016,51.1513080269325,1890,122,2654.80856314242
134,10,1,no_improving_swap,31.8153497,0.5922727,1.7019374,14.8419452,16.5438826,1.86159418514894,51.9996880625203,2100,131,2825.818748521
135,9,1,no_improving_swap,28.4150611,0.5417412,1.5806336,13.1269963,14.7076299,1.90652836569125,51.7599798509671,1890,134,3027.77339100775
136,10,1,no_improving_swap,31.2234668,0.6018818,1.4052281,14.6510441,16.0562722,1.9276584623204,51.4237329981564,2100,174,3096.20689375408
137,10,0,max_iter_reached,30.7167585,0.5944657,1.4136035,14.3876227,15.8012262,1.93531391015754,51.4417112079063,2100,154,3392.19583279189
138,10,0,max_iter_reached,30.7964578,0.5912181,1.4086403,14.2771569,15.6857972,1.91976007058838,50.9337707013824,2100,124,2519.11090685361
139,10,1,no_improving_swap,30.6484528,0.5914397,1.4411346,14.2834721,15.7246067,1.92975385693858,51.3063638240166,2100,101,1983.93978368626
140,10,0,max_iter_reached,31.5813939,0.5965075,1.4551337,14.6410226,16.0961563,1.88879408517811,50.9672130082897,2100,191,2404.88049142994
141,10,0,max_iter_reached,31.0891706,0.5901801,1.5217345,14.7088675,16.230602,1.89834623635794,52.2066098476104,2100,125,3703.10939747577
142,8,1,no_improving_swap,24.9091564,0.4769528,1.4913161,11.3436565,12.8349726,1.91476898029353,51.5271267878024,1680,119,2866.88582558823
143,10,0,max_iter_reached,30.635265,0.5900944,1.4042026,14.4044302,15.8086328,1.92619322862068,51.6027290770947,2100,161,2906.91839505725
144,8,1,no_improving_swap,25.243398,0.4766708,1.3896923,11.6192787,13.008971,1.8882988732341,51.5341516225351,1680,146,3477.39649077591
145,10,0,max_iter_reached,30.7278639,0.6033597,1.432868,14.3720143,15.8048823,1.96355887920995,51.435017908941,2100,216,3267.1100332803
146,10,0,max_iter_reached,30.7752207,0.5954691,1.3947146,14.2787596,15.6734742,1.93489790310423,50.9288766855212,2100,155,3099.07212687077
147,10,1,no_improving_swap,30.7433158,0.5903242,1.408842,14.4247352,15.8335772,1.92017088800812,51.5025031880263,2100,132,2497.70894663452
148,10,0,max_iter_reached,30.7279332,0.6011408,1.4253689,14.2456403,15.6710092,1.95633333386705,50.999229586974,2100,127,2471.98931692215
149,10,0,max_iter_reached,30.9212145,0.6105538,1.4514725,14.4449642,15.8964367,1.9745466336712,51.4094836087373,2100,161,2207.18432577196
150,8,1,no_improving_swap,25.3312641,0.4864103,1.6163435,11.425319,13.0416625,1.92019750013186,51.4844519741121,1680,112,2696.16793182825
151,7,1,no_improving_swap,22.0945391,0.4186856,1.4194229,10.2530689,11.6724918,1.89497322440186,52.8297591869658,1470,142,2381.56729299023
152,10,1,no_improving_swap,30.9399383,0.5974539,1.465246,14.2374975,15.7027435,1.93101193094493,50.7523426444583,2100,155,2054.30551360286
153,10,0,max_iter_reached,30.780624,0.6010944,1.4747909,14.4260604,15.9008513,1.95283370473581,51.6586385643124,2100,139,3123.68730548078
154,10,0,max_iter_reached,30.7436748,0.6348552,1.4691787,14.317925,15.7871037,2.06499452043384,51.3507373555747,2100,158,2405.9637674994
155,8,1,no_improving_swap,24.8322873,0.4736666,1.4515506,11.406353,12.8579036,1.90746262830166,51.7789740617249,1680,85,3171.99913198708
156,5,1,no_improving_swap,16.1500042,0.311675,1.5343593,7.1769253,8.7112846,1.92987565910354,53.9398286967628,1050,76,3062.83309872329
157,9,1,no_improving_swap,28.083182,0.5344532,1.4114616,13.0445358,14.4559974,1.90310770339344,51.4756390497345,1890,141,2880.76967549304
158,10,0,max_iter_reached,30.7635143,0.5941011,1.4471491,14.5401169,15.987266,1.93118736112668,51.9682694379296,2100,154,3191.54751955996
159,10,0,max_iter_reached,30.6885746,0.6161318,1.4166094,14.2824193,15.6990287,2.00769116203918,51.1559396440654,2100,135,1893.27828137479
160,9,1,no_improving_swap,28.0789827,0.5242406,1.4220888,13.0544528,14.4765416,1.86702134333378,51.5565031492398,1890,96,2765.18110982027
161,10,0,max_iter_reached,30.7505442,0.5919905,1.4097522,14.3306958,15.740448,1.92513828747135,51.1875428858264,2100,189,3596.04978485184
162,10,1,no_improving_swap,30.8024685,0.5899012,1.5511593,14.2832547,15.834414,1.91511014774676,51.4063150490682,2100,121,2486.24653437224
163,10,0,max_iter_reached,31.1254579,0.5954946,1.4785132,14.2693499,15.7478631,1.91320751621778,50.5947997635723,2100,182,3478.74773714718
164,6,1,no_improving_swap,19.0715676,0.3556849,1.4295608,8.6482785,10.0778393,1.86500086128211,52.8422178573302,1260,126,3671.64549593422
165,10,0,max_iter_reached,30.9678433,0.5995271,1.3994369,14.3291883,15.7286252,1.93596659022102,50.7901859604153,2100,158,2685.34978533846
166,10,0,max_iter_reached,30.9208682,0.6017704,1.4112077,14.5570615,15.9682692,1.94616268892476,51.6423701194781,2100,121,2517.86195741556
167,10,0,max_iter_reached,30.6631592,0.599699,1.3908694,14.3141125,15.7049819,1.9557639057622,51.217755475111,2100,139,2335.19372126465
168,7,1,no_improving_swap,22.0792383,0.4257637,1.3981652,10.2158816,11.6140468,1.92834414944468,52.6016642521586,1470,138,2835.48845077691
169,10,0,max_iter_reached,30.9251133,0.6025427,1.4416476,14.5077403,15.9493879,1.94839286166819,51.5742262454379,2100,134,4339.9437323375
170,7,1,no_improving_swap,21.9376482,0.4126326,1.3973783,10.1903654,11.5877437,1.88093361803477,52.8212668667009,1470,129,4358.56120242461
171,9,1,no_improving_swap,27.8746176,0.5712649,1.427033,12.9934349,14.4204679,2.04940892175683,51.7333299668297,1890,126,2810.92982972941
172,7,1,no_improving_swap,22.0821595,0.4280492,1.464088,10.0755851,11.5396731,1.93843903717841,52.2579012256478,1470,168,5421.05639550595
173,10,0,max_iter_reached,30.8022832,0.6001043,1.3986237,14.3727301,15.7713538,1.94824616118068,51.2018985657531,2100,229,3187.44599898731
174,8,1,no_improving_swap,22.8299679,0.4320029,1.3158811,10.5445914,11.8604725,1.8922624065538,51.9513323538225,1680,136,3505.77152969246
175,9,1,no_improving_swap,25.3959371,0.4871175,1.3354521,11.74621,13.0816621,1.91809224476304,51.5108461975203,1890,88,1828.7943594554
176,10,0,max_iter_reached,28.1841928,0.5434704,1.4131739,13.1535312,14.5667051,1.92828087664799,51.6839534960888,2100,201,4308.17164995694
177,10,0,max_iter_reached,28.656964,0.5628216,1.3189149,13.4507209,14.7696358,1.9639959068937,51.5394296478859,2100,183,2456.33992043849
178,10,0,max_iter_reached,28.2914481,0.5503344,1.3160576,13.2321822,14.5482398,1.94523234743859,51.4227470738764,2100,153,2723.16030886826
179,9,1,no_improving_swap,25.9815834,0.506882,1.3262134,11.9976426,13.323856,1.95092805621693,51.2819245650748,1890,140,3536.1662349432
180,9,1,no_improving_swap,25.3041332,0.4856427,1.3045615,11.6950006,12.9995621,1.91922282483085,51.3732756512679,1890,187,2475.48063161654
181,9,1,no_improving_swap,25.7689588,0.487009,1.2868311,12.0481735,13.3350046,1.8899056177621,51.748325198145,1890,103,2348.90286420029
182,10,1,no_improving_swap,28.599359,0.5633351,1.3385687,13.3748647,14.7134334,1.96974729398655,51.4467243828787,2100,131,2424.23379154742
183,10,0,max_iter_reached,28.8025259,0.5737849,1.3110459,13.5401919,14.8512378,1.99213396072322,51.5622756544418,2100,113,2819.042793933
184,10,0,max_iter_reached,28.6742165,0.5631699,1.339432,13.471016,14.810448,1.96402890380632,51.6507504224222,2100,148,2776.34181634492
185,10,0,max_iter_reached,29.3294271,0.5628933,1.4789893,13.9366617,15.415651,1.91921000734447,52.5603549890001,2100,162,2755.59565033018
186,10,0,max_iter_reached,28.3523904,0.5431986,1.3354541,13.2864684,14.6219225,1.91588290206388,51.5720977798048,2100,129,2664.13559717366
187,10,0,max_iter_reached,28.3641321,0.5362928,1.3064892,13.2637014,14.5701906,1.89074285125051,51.3683639204317,2100,162,2281.92089476621
188,10,0,max_iter_reached,28.2545608,0.5524722,1.3274801,13.1711014,14.4985815,1.95533812721662,51.3141280185817,2100,149,2102.41369072669
189,10,0,max_iter_reached,29.5386478,0.5688069,1.4088504,13.8378668,15.2467172,1.92563621683454,51.6161650432759,2100,129,2413.85351788976
190,10,0,max_iter_reached,29.4388143,0.5568013,1.3724065,13.6943041,15.0667106,1.89138493937237,51.17974673321,2100,173,3541.51762761068
191,10,0,max_iter_reached,29.1562034,0.5692273,1.3166418,13.5619785,14.8786203,1.95233683957631,51.0307192465258,2100,137,2781.65241608802
192,10,1,no_improving_swap,28.8324841,0.5574753,1.3139827,13.4390856,14.7530683,1.93349729446309,51.1682179337437,2100,146,3495.20501602259
193,10,0,max_iter_reached,28.8465171,0.5586538,1.3288916,13.5443996,14.8732912,1.93664211891979,51.5600935407207,2100,129,2458.54991663712
194,10,0,max_iter_reached,29.3783866,0.5793721,1.3517779,13.6675453,15.0193232,1.97210319235162,51.1237169164354,2100,146,2656.28932798407
195,10,0,max_iter_reached,29.5224054,0.5523892,1.3105009,13.7605088,15.0710097,1.87108466439527,51.0493961985902,2100,184,3898.13247746278
196,10,0,max_iter_reached,28.348718,0.5460935,1.3486027,13.1396525,14.4882552,1.92634284202905,51.1072677078378,2100,139,2762.77318493856
197,10,1,no_improving_swap,28.0564949,0.5526622,1.2856202,13.0524211,14.3380413,1.9698191166424,51.1041787333171,2100,187,2481.78443090759
198,10,0,max_iter_reached,28.4836181,0.5543992,1.3057188,13.3643917,14.6701105,1.94637913643422,51.5036764237476,2100,188,3257.41829332047
199,7,1,no_improving_swap,20.1801334,0.3778797,1.3015105,9.3007564,10.6022669,1.87253321130176,52.5381408033705,1470,121,2713.63505015702
200,9,1,no_improving_swap,25.7989232,0.5021791,1.3139724,11.9160305,13.2300029,1.94651186061905,51.2812213030659,1890,167,2648.7481874218
