grid_index,y,x
1,40.501099,-74.247075
2,40.499659,-74.240821
3,40.5008375,-74.2366297
4,40.5023268,-74.2319249
100,40.505416,-74.251358
101,40.50394,-74.24609
102,40.505013,-74.240733
103,40.5032106,-74.236131
104,40.5045833,-74.2295066
105,40.504804,-74.2237669
200,40.508939,-74.251198
201,40.509045,-74.246903
202,40.5086987,-74.2408864
203,40.508457,-74.235647
204,40.5085628,-74.229907
205,40.5085002,-74.2247291
300,40.5121262,-74.2529586
301,40.513763,-74.247219
302,40.512018,-74.241131
303,40.512914,-74.235143
304,40.5125519,-74.2309046
305,40.5122189,-74.2257211
308,40.5130845,-74.206777
309,40.5130336,-74.2033792
310,40.5131935,-74.1968546
401,40.5163614,-74.2443738
402,40.5169327,-74.2407919
403,40.516336,-74.2363542
404,40.5174222,-74.2310794
407,40.5174944,-74.2124835
408,40.516866,-74.207556
409,40.516624,-74.202786
410,40.51694,-74.1969084
411,40.5173062,-74.1932501
502,40.5212846,-74.2394451
503,40.5209196,-74.2351298
504,40.521188,-74.229706
505,40.5214628,-74.2238295
506,40.5209186,-74.2175038
507,40.5212367,-74.2135578
508,40.521448,-74.208456
509,40.519758,-74.2017968
510,40.5211013,-74.1960041
511,40.522572,-74.190004
512,40.521992,-74.186083
513,40.5210042,-74.1808864
514,40.5220648,-74.1757568
601,40.5248561,-74.2464859
602,40.5253541,-74.2392788
603,40.5254552,-74.2358172
604,40.5255984,-74.2298476
605,40.5250777,-74.2237103
606,40.524706,-74.218517
607,40.5261186,-74.2132168
608,40.5252948,-74.2073006
609,40.5259127,-74.2027707
610,40.5256452,-74.1992876
611,40.5247,-74.1895595
612,40.5261265,-74.1855036
613,40.525037,-74.1796271
614,40.5259659,-74.175146
615,40.5255587,-74.1684107
616,40.52688,-74.164132
702,40.528224,-74.239371
703,40.5279484,-74.2346325
704,40.5277185,-74.2302179
705,40.5294254,-74.2224119
706,40.5293757,-74.2191587
707,40.529687,-74.2131554
708,40.529105,-74.208414
709,40.529594,-74.202571
710,40.5294381,-74.197012
711,40.5289296,-74.1906698
712,40.5295993,-74.1868345
713,40.529158,-74.180745
714,40.528104,-74.175568
715,40.529304,-74.168903
716,40.52921,-74.163417
717,40.5294888,-74.1580152
718,40.531409,-74.155042
802,40.5320439,-74.2409849
803,40.5338209,-74.2357283
804,40.5334025,-74.2322905
805,40.5330914,-74.2247336
806,40.5345135,-74.2182676
807,40.5340047,-74.2115213
808,40.5335467,-74.2074955
809,40.533822,-74.200997
810,40.533211,-74.196351
811,40.5335509,-74.1901013
812,40.533541,-74.185878
813,40.533816,-74.1807621
814,40.533592,-74.173587
815,40.5337909,-74.1694232
816,40.533369,-74.16317
817,40.533756,-74.15758
818,40.5336272,-74.1528432
819,40.5343294,-74.149379
902,40.5378606,-74.2414843
903,40.5373906,-74.2357056
904,40.5380901,-74.231598
905,40.5371994,-74.2237788
906,40.5376693,-74.218949
907,40.5376356,-74.2135804
908,40.5377359,-74.2087665
909,40.537184,-74.202564
910,40.5378455,-74.1974412
911,40.5375028,-74.1905131
912,40.5375954,-74.1857907
913,40.5381283,-74.1796617
914,40.5378695,-74.174137
915,40.538326,-74.167865
916,40.538048,-74.162801
917,40.5382246,-74.1573599
918,40.5374079,-74.1526021
919,40.5374053,-74.1469349
920,40.5376476,-74.1428113
1001,40.542281,-74.24617
1003,40.54115,-74.237533
1005,40.5422008,-74.2229288
1006,40.541829,-74.2180177
1007,40.5414056,-74.2142624
1008,40.541694,-74.2079402
1009,40.541948,-74.202
1010,40.541847,-74.196713
1011,40.541947,-74.190875
1012,40.541944,-74.1855953
1013,40.5417739,-74.1808496
1014,40.5418145,-74.1744861
1015,40.5417756,-74.1690616
1016,40.542217,-74.163773
1017,40.541667,-74.15795
1018,40.542126,-74.152764
1019,40.541726,-74.147661
1020,40.542216,-74.143156
1104,40.545969,-74.229783
1105,40.5464853,-74.2225857
1106,40.5457,-74.219543
1107,40.545981,-74.2137
1108,40.545421,-74.207861
1109,40.5467072,-74.2021903
1110,40.545949,-74.1967
1111,40.5459528,-74.1915222
1112,40.546289,-74.185122
1113,40.5460135,-74.1797357
1114,40.5461355,-74.1741271
1115,40.54605,-74.168739
1116,40.5454376,-74.1635774
1117,40.546029,-74.157789
1118,40.545753,-74.151628
1119,40.545701,-74.146732
1120,40.5463865,-74.1413567
1121,40.5465513,-74.1377128
1203,40.5494071,-74.2339105
1205,40.5490023,-74.2232998
1206,40.5504241,-74.2181472
1207,40.5504958,-74.2131498
1208,40.549975,-74.208881
1209,40.550793,-74.2009691
1210,40.5497198,-74.1962388
1211,40.5503877,-74.1915213
1212,40.549288,-74.185891
1213,40.550026,-74.179658
1214,40.550327,-74.17502
1215,40.550303,-74.169685
1216,40.5503948,-74.1632224
1217,40.549913,-74.158374
1218,40.5503615,-74.1520888
1219,40.550028,-74.146577
1220,40.549589,-74.141499
1221,40.5504641,-74.1361381
1225,40.5502916,-74.112959
1258,40.5517966,-73.9324986
1305,40.556052,-74.226403
1306,40.554715,-74.217209
1307,40.5542788,-74.2129287
1308,40.5535444,-74.210286
1309,40.554343,-74.202628
1310,40.5535338,-74.1970934
1311,40.554087,-74.192752
1312,40.553981,-74.185755
1313,40.554167,-74.179503
1314,40.554024,-74.174781
1315,40.554131,-74.168367
1316,40.5533166,-74.1633967
1317,40.554058,-74.157672
1318,40.55436,-74.151687
1319,40.554405,-74.146994
1320,40.554617,-74.1407593
1321,40.5547385,-74.1361113
1322,40.5544771,-74.1305019
1323,40.5551489,-74.1237483
1324,40.554545,-74.119132
1325,40.552942,-74.1143631
1326,40.5533488,-74.1101164
1358,40.5553671,-73.9311825
1408,40.557631,-74.2069148
1409,40.5566547,-74.2039449
1410,40.557813,-74.196604
1412,40.560299,-74.184096
1413,40.5577414,-74.1805715
1414,40.5587065,-74.1743478
1415,40.55841,-74.169317
1416,40.557705,-74.163482
1417,40.558463,-74.157623
1418,40.557545,-74.152194
1419,40.558856,-74.147067
1420,40.55834,-74.141794
1421,40.5587153,-74.1355407
1422,40.558911,-74.129982
1423,40.557961,-74.123951
1424,40.5587,-74.119556
1425,40.5588301,-74.1133492
1426,40.558454,-74.10771
1427,40.560144,-74.101524
1458,40.5578373,-73.9285372
1459,40.5593945,-73.9253327
1460,40.5591562,-73.9171412
1461,40.5585773,-73.9136815
1462,40.556848,-73.910098
1509,40.560836,-74.1998995
1510,40.561098,-74.198618
1511,40.5626617,-74.1925941
1512,40.5631515,-74.1843473
1513,40.5627842,-74.1807873
1514,40.5623212,-74.1736171
1515,40.5632994,-74.1697276
1516,40.5611265,-74.1619125
1517,40.5624981,-74.1574081
1518,40.5629126,-74.1527601
1519,40.563392,-74.147216
1520,40.5626335,-74.1407938
1521,40.561576,-74.133972
1522,40.5626347,-74.1300987
1523,40.563085,-74.124504
1524,40.562548,-74.119094
1525,40.562675,-74.114299
1526,40.563146,-74.107869
1527,40.56283,-74.102603
1528,40.5638751,-74.0963866
1559,40.5612008,-73.9253905
1560,40.5607761,-73.9202734
1561,40.562617,-73.914848
1562,40.5614668,-73.9100612
1565,40.5643163,-73.8943338
1566,40.5629597,-73.886287
1567,40.5638864,-73.881498
1610,40.567388,-74.194098
1611,40.5674471,-74.1932116
1612,40.5654091,-74.1833789
1613,40.5651974,-74.1812913
1617,40.564941,-74.155113
1618,40.566776,-74.152956
1619,40.5681455,-74.1492615
1620,40.5675916,-74.1405422
1621,40.566746,-74.136043
1622,40.5666396,-74.130912
1623,40.5668233,-74.124259
1624,40.566531,-74.11879
1625,40.5664573,-74.1136956
1626,40.5669536,-74.1080475
1627,40.566647,-74.102089
1628,40.5687806,-74.094603
1629,40.568409,-74.093873
1661,40.5648596,-73.9118461
1665,40.565355,-73.8909219
1666,40.5663007,-73.8845971
1667,40.567138,-73.8802344
1668,40.5662453,-73.8731499
1669,40.5671587,-73.8697557
1670,40.567598,-73.863088
1671,40.568638,-73.860624
1710,40.5705139,-74.1951072
1711,40.5724925,-74.1900633
1715,40.5709512,-74.1697162
1718,40.569978,-74.151767
1719,40.5708873,-74.1478972
1720,40.570855,-74.141516
1721,40.570882,-74.135347
1722,40.570385,-74.129686
1723,40.570844,-74.125109
1724,40.570881,-74.119238
1725,40.570446,-74.113005
1726,40.5705118,-74.1081859
1727,40.5722555,-74.1013141
1728,40.571368,-74.096609
1729,40.5712711,-74.0911683
1745,40.5722138,-74.0012566
1746,40.5718041,-73.9979089
1747,40.5717899,-73.9914421
1748,40.5726377,-73.9872588
1768,40.5697504,-73.8748441
1769,40.5711149,-73.8705405
1770,40.5708831,-73.8640006
1771,40.5713135,-73.8592137
1772,40.571412,-73.8532646
1773,40.5726786,-73.8500645
1815,40.5752514,-74.1699656
1816,40.574752,-74.1640728
1817,40.5768175,-74.1591681
1819,40.575749,-74.147016
1820,40.5744308,-74.1415352
1821,40.5753787,-74.1357015
1822,40.5752931,-74.1296516
1823,40.5746659,-74.1248751
1824,40.5754135,-74.1190397
1825,40.57537,-74.114177
1826,40.574895,-74.10844
1827,40.574553,-74.102478
1828,40.574601,-74.0972913
1829,40.5749,-74.091094
1830,40.574997,-74.086131
1831,40.576059,-74.0823949
1845,40.5746498,-74.0027881
1846,40.5752253,-73.997497
1847,40.5758103,-73.9921936
1848,40.5751589,-73.9855666
1849,40.5755721,-73.9812201
1850,40.5748272,-73.9735559
1851,40.5747999,-73.9694713
1852,40.575631,-73.96394
1853,40.5755243,-73.9594688
1854,40.5746111,-73.9524308
1855,40.5751784,-73.9468388
1856,40.5765762,-73.9390059
1870,40.5747498,-73.8645865
1871,40.5747784,-73.8581478
1872,40.5743621,-73.8520121
1873,40.5759321,-73.8479725
1874,40.5757465,-73.8418445
1875,40.5770438,-73.8386536
1915,40.579361,-74.1693734
1916,40.5793824,-74.1626753
1917,40.5787688,-74.1577235
1918,40.580617,-74.152528
1921,40.578856,-74.135122
1922,40.5779815,-74.129379
1923,40.5788418,-74.1242572
1924,40.579022,-74.11847
1925,40.578956,-74.112771
1926,40.5794397,-74.1087934
1927,40.578623,-74.10167
1928,40.578798,-74.09688
1929,40.5783497,-74.0911492
1930,40.579358,-74.087152
1931,40.579699,-74.080472
1945,40.579018,-74.002545
1946,40.5776996,-73.9968788
1947,40.5793394,-73.9907027
1948,40.5788199,-73.9862655
1949,40.5794365,-73.9796062
1950,40.5789254,-73.9749393
1951,40.5784991,-73.9683088
1952,40.5791996,-73.9640193
1953,40.5782772,-73.9581994
1954,40.5793747,-73.952373
1955,40.5798876,-73.9477252
1956,40.5781514,-73.9416713
1957,40.5785794,-73.936039
1958,40.5781357,-73.9319375
1966,40.5790625,-73.8859031
1971,40.5783864,-73.858274
1972,40.578874,-73.8526472
1973,40.5784001,-73.8473543
1974,40.5785341,-73.8414771
1975,40.5798336,-73.8371365
1976,40.5795812,-73.8310749
1977,40.5811406,-73.8250844
2009,40.5853419,-74.203517
2011,40.585056,-74.1922198
2015,40.582227,-74.1689579
2016,40.584056,-74.161008
2017,40.583375,-74.157666
2018,40.58337,-74.152645
2019,40.5840394,-74.1488289
2021,40.581337,-74.134552
2022,40.5827659,-74.1304
2023,40.58434,-74.123432
2025,40.582757,-74.112524
2026,40.583685,-74.107909
2027,40.583522,-74.103157
2028,40.583559,-74.09702
2029,40.5838215,-74.0921964
2030,40.5836798,-74.0865823
2031,40.581595,-74.0821847
2032,40.5832417,-74.0737055
2047,40.5825899,-73.9888892
2048,40.5830741,-73.9862611
2049,40.583701,-73.9817657
2050,40.5831325,-73.9746507
2051,40.5834182,-73.9698135
2052,40.5830609,-73.9631348
2053,40.5829186,-73.9590113
2054,40.5833048,-73.9525212
2055,40.5836282,-73.947379
2056,40.583718,-73.9414762
2057,40.5839221,-73.9358693
2058,40.5842289,-73.9309799
2059,40.5842332,-73.9250006
2060,40.5835005,-73.920973
2065,40.5818001,-73.8914353
2066,40.582752,-73.8857402
2067,40.5826819,-73.8811533
2072,40.5814552,-73.8521567
2073,40.5818555,-73.8472735
2074,40.5816418,-73.8412757
2075,40.5824064,-73.8363588
2076,40.5838795,-73.830985
2077,40.5838394,-73.8255785
2078,40.5827636,-73.8194274
2079,40.5840773,-73.8147639
2080,40.5853442,-73.8096181
2110,40.5872607,-74.1963303
2111,40.5881065,-74.1924001
2112,40.588169,-74.1867496
2115,40.589192,-74.168482
2116,40.58716,-74.1636465
2117,40.587738,-74.158076
2118,40.587892,-74.153183
2119,40.5870898,-74.1472018
2120,40.58871,-74.1427419
2121,40.5869356,-74.1350632
2125,40.5887932,-74.1120716
2126,40.587418,-74.108442
2127,40.587076,-74.103926
2128,40.587298,-74.097479
2129,40.5876815,-74.0911906
2130,40.5875388,-74.0860715
2131,40.5891242,-74.078546
2132,40.5885733,-74.0740681
2133,40.5880863,-74.0710702
2146,40.587125,-73.9959869
2147,40.5871918,-73.9916591
2148,40.5869984,-73.9854316
2149,40.5893697,-73.9809274
2150,40.5872184,-73.9742328
2151,40.5884287,-73.9698233
2152,40.587642,-73.9640005
2153,40.5875479,-73.9581958
2154,40.587147,-73.9527069
2155,40.586477,-73.94696
2156,40.5871012,-73.9413322
2157,40.5876265,-73.9365566
2158,40.586783,-73.930504
2159,40.587042,-73.925426
2160,40.587718,-73.92013
2164,40.5882273,-73.8985818
2167,40.5860518,-73.8828642
2177,40.58551,-73.8246877
2178,40.5873411,-73.8193529
2179,40.5870951,-73.8138793
2180,40.5870011,-73.8097888
2181,40.5865692,-73.8040287
2182,40.5874739,-73.7975935
2183,40.5885081,-73.7910554
2184,40.5892335,-73.7886288
2210,40.589736,-74.1940223
2211,40.5916094,-74.1908223
2212,40.591385,-74.186096
2216,40.591001,-74.163774
2217,40.590908,-74.15853
2218,40.5918038,-74.1526393
2219,40.5907818,-74.1471668
2220,40.5934028,-74.1419581
2225,40.5914287,-74.1107864
2226,40.591618,-74.107879
2227,40.591849,-74.103233
2228,40.591736,-74.096678
2229,40.591741,-74.091856
2230,40.59176,-74.085595
2231,40.5909923,-74.0809103
2232,40.591293,-74.074642
2233,40.5917144,-74.0686227
2234,40.5923008,-74.0641236
2246,40.5924669,-73.9984582
2247,40.5918811,-73.9911068
2248,40.591222,-73.985787
2249,40.591484,-73.981319
2250,40.592197,-73.9749144
2251,40.5906503,-73.9693041
2252,40.591258,-73.9637742
2253,40.5917834,-73.9589979
2254,40.5924144,-73.9532603
2255,40.5909551,-73.9468643
2256,40.5915732,-73.9412409
2257,40.5922053,-73.9355016
2258,40.5916363,-73.9302797
2259,40.5916509,-73.9252424
2262,40.5920992,-73.908236
2264,40.5911757,-73.8967907
2278,40.591165,-73.819557
2279,40.5904775,-73.8133688
2280,40.5920345,-73.8098157
2281,40.590674,-73.8030434
2282,40.5908386,-73.7979349
2283,40.5920126,-73.792234
2284,40.5920859,-73.7865634
2285,40.5927264,-73.7800782
2286,40.5928667,-73.7753024
2287,40.5918715,-73.7698896
2288,40.5918065,-73.7648471
2289,40.5926314,-73.7588953
2290,40.593094,-73.7531595
2311,40.5966642,-74.191413
2312,40.5950555,-74.1849722
2313,40.595572,-74.182719
2315,40.596433,-74.168284
2316,40.595575,-74.163602
2317,40.596051,-74.157679
2318,40.596068,-74.150988
2319,40.596072,-74.146241
2320,40.5960728,-74.1418518
2321,40.596335,-74.1337737
2322,40.597241,-74.132813
2325,40.5945114,-74.1121806
2326,40.596268,-74.107591
2327,40.596087,-74.103384
2328,40.595365,-74.097221
2329,40.595507,-74.092036
2330,40.5959012,-74.0857865
2331,40.59572,-74.0800765
2332,40.595387,-74.074538
2333,40.595609,-74.068816
2334,40.5956092,-74.0631302
2345,40.5967285,-74.0031344
2346,40.5956057,-73.9967957
2347,40.595211,-73.992389
2348,40.595671,-73.985061
2349,40.5961933,-73.9803548
2350,40.5960156,-73.975146
2351,40.595256,-73.969228
2352,40.5958699,-73.9636921
2353,40.5964118,-73.9587809
2354,40.595756,-73.9529126
2355,40.595291,-73.946737
2356,40.595809,-73.942032
2357,40.5965451,-73.9353426
2358,40.5962003,-73.9309445
2359,40.5941083,-73.926552
2362,40.5958761,-73.9080923
2363,40.5944759,-73.9055396
2378,40.597526,-73.8197393
2381,40.595261,-73.8027042
2382,40.5955636,-73.7974885
2383,40.5959297,-73.7913826
2384,40.5949701,-73.7862733
2385,40.5953252,-73.7809246
2386,40.5956845,-73.7757225
2387,40.596113,-73.76975
2388,40.5957328,-73.7646285
2389,40.5955662,-73.7583383
2390,40.5952335,-73.7531937
2391,40.5956504,-73.7471281
2392,40.595984,-73.741207
2393,40.5947354,-73.7385671
2410,40.6006866,-74.1950772
2411,40.5982674,-74.1910354
2412,40.6013094,-74.1858322
2413,40.599011,-74.180883
2415,40.599849,-74.167621
2416,40.6004463,-74.1630595
2418,40.5989303,-74.1523852
2419,40.6004159,-74.14494
2420,40.600013,-74.14015
2421,40.599682,-74.135953
2422,40.600203,-74.130051
2423,40.600523,-74.124955
2424,40.599701,-74.119471
2425,40.600135,-74.113023
2426,40.599836,-74.107406
2427,40.5993201,-74.1020882
2428,40.599272,-74.097188
2429,40.5997602,-74.0916399
2430,40.600186,-74.085535
2431,40.5993292,-74.0804052
2432,40.600261,-74.074982
2433,40.5995364,-74.0688473
2434,40.6005121,-74.0637825
2435,40.600626,-74.0586201
2436,40.6017386,-74.0551067
2444,40.599897,-74.007947
2445,40.600213,-74.0028229
2446,40.600696,-73.996365
2447,40.600134,-73.990864
2448,40.599958,-73.985878
2449,40.6009437,-73.9803113
2450,40.5991189,-73.9747117
2451,40.599733,-73.96913
2452,40.6003613,-73.9634547
2453,40.6008874,-73.9586835
2454,40.5992572,-73.9526087
2455,40.599801,-73.947595
2456,40.6001988,-73.941845
2457,40.598924,-73.935804
2458,40.599437,-73.929922
2461,40.599689,-73.9114121
2462,40.5983056,-73.9098775
2463,40.5996725,-73.9039427
2477,40.600601,-73.8243161
2478,40.6001735,-73.8195325
2481,40.5987411,-73.8015973
2482,40.5993627,-73.7967116
2483,40.5985853,-73.7928929
2486,40.5999414,-73.7752582
2487,40.6011456,-73.7686086
2488,40.5997335,-73.7638731
2489,40.600298,-73.758366
2490,40.599999,-73.753115
2491,40.5999135,-73.7475646
2492,40.600213,-73.74184
2493,40.5995314,-73.7383998
2510,40.6023706,-74.1959288
2511,40.6039341,-74.1893246
2512,40.6025518,-74.1858415
2514,40.6035545,-74.1733844
2515,40.6032394,-74.1695327
2516,40.6042982,-74.1634813
2517,40.6041626,-74.1599898
2518,40.605221,-74.154267
2519,40.6048092,-74.1465688
2520,40.60447,-74.140606
2521,40.604131,-74.13609
2522,40.6039666,-74.1297384
2523,40.6043566,-74.1246908
2524,40.603868,-74.119862
2525,40.6039491,-74.1133409
2526,40.6041412,-74.107937
2527,40.604193,-74.102268
2528,40.6037691,-74.0974881
2529,40.604148,-74.091153
2530,40.604087,-74.085206
2531,40.6039843,-74.0814847
2532,40.6034161,-74.0750442
2533,40.6036172,-74.069298
2534,40.603067,-74.062768
2535,40.6028066,-74.057823
2540,40.6051268,-74.0302786
2541,40.6047105,-74.0248726
2542,40.6036773,-74.0190561
2543,40.603428,-74.01398
2544,40.60345,-74.008995
2545,40.6038521,-74.0026327
2546,40.603728,-73.9968
2547,40.604209,-73.991455
2548,40.604044,-73.986644
2549,40.603264,-73.980752
2550,40.6045037,-73.9749045
2551,40.604555,-73.9691018
2552,40.604496,-73.963297
2553,40.6033791,-73.9582113
2554,40.6040388,-73.9522669
2555,40.604551,-73.947512
2556,40.605183,-73.941771
2557,40.603872,-73.9360929
2558,40.6050753,-73.9298715
2560,40.6057679,-73.9181652
2561,40.60446,-73.913409
2562,40.6043982,-73.9090542
2563,40.605654,-73.903984
2577,40.6039849,-73.8227182
2578,40.6037425,-73.8200304
2579,40.6055477,-73.8165554
2587,40.6037524,-73.7697919
2588,40.604635,-73.763592
2589,40.6037994,-73.7583808
2590,40.6042265,-73.7528659
2591,40.6045255,-73.7467982
2592,40.6039077,-73.7417251
2593,40.6031786,-73.7391036
2612,40.6075704,-74.1829123
2613,40.6083601,-74.1794099
2615,40.608936,-74.169153
2616,40.6074748,-74.1642611
2617,40.6083774,-74.1582237
2618,40.608167,-74.152801
2619,40.6085465,-74.1471785
2620,40.6080924,-74.1409209
2621,40.6083603,-74.1358843
2622,40.6078377,-74.1303256
2623,40.6085293,-74.1250292
2624,40.608075,-74.118264
2625,40.6081748,-74.1141093
2627,40.6083776,-74.1019043
2628,40.608065,-74.0969317
2629,40.6080974,-74.0915082
2630,40.6078021,-74.0859428
2631,40.6080421,-74.0799288
2632,40.608388,-74.075472
2633,40.60757,-74.069284
2634,40.608456,-74.063821
2635,40.6073791,-74.0580118
2639,40.6086923,-74.0343764
2641,40.6095827,-74.0244387
2642,40.6074503,-74.0172422
2643,40.608479,-74.013766
2644,40.607881,-74.008252
2645,40.607818,-74.00195
2646,40.608775,-73.997503
2647,40.607794,-73.991358
2648,40.607356,-73.986257
2649,40.6079628,-73.980701
2650,40.6086005,-73.9749928
2651,40.60915,-73.96997
2652,40.60763,-73.963891
2653,40.6087476,-73.9582802
2654,40.608816,-73.9531929
2655,40.606979,-73.946986
2656,40.6082357,-73.9422695
2657,40.609055,-73.936761
2658,40.607632,-73.930269
2659,40.6083451,-73.9248256
2660,40.6082673,-73.9205954
2661,40.608305,-73.9133
2662,40.607895,-73.9084517
2663,40.607953,-73.902439
2664,40.6084739,-73.8981288
2677,40.6060953,-73.8226343
2678,40.6078121,-73.8194013
2679,40.6079441,-73.8160315
2687,40.607833,-73.768692
2688,40.6081716,-73.7640214
2689,40.608771,-73.757799
2690,40.6081659,-73.7526365
2691,40.60874,-73.747638
2692,40.606952,-73.74352
2711,40.6116097,-74.1887477
2712,40.611286,-74.1873609
2713,40.6119398,-74.1794595
2715,40.611252,-74.169603
2716,40.612881,-74.162415
2717,40.6126961,-74.1574575
2718,40.6120305,-74.1532817
2719,40.612072,-74.146703
2720,40.612459,-74.14091
2721,40.6122783,-74.1360497
2722,40.612537,-74.130216
2723,40.6121199,-74.1246671
2724,40.61199,-74.118959
2725,40.6126853,-74.1130087
2726,40.6125286,-74.1074886
2727,40.6128757,-74.1026369
2728,40.6110042,-74.0970528
2729,40.612066,-74.090983
2730,40.612316,-74.085928
2731,40.6109471,-74.0790898
2732,40.611698,-74.075038
2733,40.61246,-74.06933
2734,40.6120951,-74.0633903
2735,40.6114317,-74.0600561
2738,40.6136611,-74.0388237
2739,40.6125686,-74.0361057
2740,40.6129426,-74.030724
2741,40.612904,-74.02641
2743,40.611038,-74.013482
2744,40.6125726,-74.0083114
2745,40.611432,-74.001904
2746,40.612215,-73.997171
2747,40.612004,-73.990559
2748,40.612353,-73.986615
2749,40.6126279,-73.9794133
2750,40.612638,-73.974777
2751,40.611808,-73.969525
2752,40.612433,-73.963853
2753,40.6130641,-73.9581512
2754,40.6111259,-73.9525774
2755,40.6117045,-73.946937
2756,40.61182,-73.941161
2757,40.612069,-73.936438
2758,40.612784,-73.930998
2759,40.6122773,-73.9251659
2760,40.6121215,-73.9190067
2761,40.6116674,-73.9129133
2762,40.611779,-73.90856
2763,40.6127835,-73.9021345
2764,40.6117916,-73.8971605
2778,40.6125296,-73.8198343
2787,40.6118876,-73.7701917
2788,40.611243,-73.763882
2789,40.6102233,-73.759176
2790,40.6105436,-73.7534932
2791,40.6114075,-73.7478132
2810,40.616918,-74.1950429
2812,40.6180131,-74.1838764
2813,40.6156797,-74.1791753
2814,40.6183926,-74.1763396
2815,40.6162316,-74.1682448
2816,40.6159739,-74.1634365
2817,40.6163242,-74.1573511
2818,40.6166455,-74.1530339
2819,40.6170702,-74.1470983
2820,40.6165301,-74.1416022
2821,40.615787,-74.136216
2822,40.616461,-74.131122
2823,40.616563,-74.125059
2824,40.61632,-74.119639
2825,40.616647,-74.1144344
2826,40.6150622,-74.1070499
2827,40.6168044,-74.1027433
2828,40.6166981,-74.0974143
2829,40.616571,-74.09098
2830,40.616868,-74.085583
2831,40.616835,-74.07988
2832,40.6167268,-74.0745413
2833,40.616584,-74.069023
2834,40.6163514,-74.0639162
2838,40.6171814,-74.0387716
2839,40.616671,-74.035682
2840,40.6165143,-74.0304678
2841,40.6166781,-74.0252551
2842,40.6167201,-74.018318
2843,40.617118,-74.014327
2844,40.616133,-74.008177
2845,40.617041,-74.003652
2846,40.616555,-73.996582
2847,40.6168331,-73.9925097
2848,40.616522,-73.98586
2849,40.6155566,-73.9796327
2850,40.6164233,-73.9744426
2851,40.6169842,-73.9693826
2852,40.6166298,-73.96363
2853,40.615829,-73.957694
2854,40.616384,-73.952627
2855,40.617001,-73.946993
2856,40.617432,-73.941184
2857,40.615584,-73.935348
2858,40.616922,-73.930602
2859,40.616733,-73.924695
2860,40.617032,-73.919883
2861,40.615929,-73.91311
2862,40.6157271,-73.9091439
2863,40.617032,-73.903099
2864,40.6171938,-73.8985088
2878,40.6147232,-73.8214038
2911,40.6217985,-74.1895747
2915,40.6205422,-74.1692125
2916,40.62031,-74.162371
2917,40.6202524,-74.1566676
2918,40.6206607,-74.1523924
2919,40.6209297,-74.1472199
2920,40.620842,-74.141783
2921,40.620772,-74.136269
2922,40.620512,-74.129884
2923,40.6211844,-74.12472
2924,40.6195884,-74.119783
2925,40.62146,-74.112165
2926,40.620789,-74.107644
2927,40.6196496,-74.1020886
2928,40.6200238,-74.0948197
2929,40.6206112,-74.09245
2930,40.620365,-74.085802
2931,40.620191,-74.079901
2932,40.62028,-74.075049
2933,40.619747,-74.069759
2938,40.6207614,-74.0404726
2939,40.620638,-74.035158
2940,40.6205056,-74.0292876
2941,40.6204285,-74.0244514
2942,40.620722,-74.020296
2943,40.620685,-74.014203
2944,40.620303,-74.007426
2945,40.620696,-74.003436
2946,40.620274,-73.996709
2947,40.621111,-73.99184
2948,40.620131,-73.985693
2949,40.6210781,-73.9811186
2950,40.6208857,-73.975285
2951,40.6194368,-73.969284
2952,40.620095,-73.963268
2953,40.6206127,-73.9585952
2954,40.6212731,-73.952609
2955,40.6194022,-73.9474497
2956,40.6202745,-73.9417781
2957,40.6206426,-73.9362757
2958,40.621116,-73.931016
2959,40.621483,-73.925193
2960,40.6194276,-73.9192012
2961,40.6207446,-73.9143658
2962,40.6201379,-73.9077764
2963,40.620068,-73.902744
2977,40.6200715,-73.8252845
3013,40.624958,-74.1788256
3014,40.6258059,-74.1747555
3015,40.623909,-74.167404
3016,40.6247892,-74.16358
3017,40.624465,-74.158204
3018,40.624587,-74.151687
3019,40.6249005,-74.1466821
3020,40.624594,-74.14128
3021,40.625064,-74.13581
3022,40.6245845,-74.129928
3023,40.6249881,-74.12473
3024,40.6247044,-74.1190908
3025,40.624585,-74.113101
3026,40.624104,-74.108039
3027,40.62463,-74.102501
3029,40.624432,-74.090838
3030,40.624633,-74.084974
3031,40.6244341,-74.0801549
3032,40.624918,-74.075682
3038,40.6249158,-74.0406553
3039,40.624734,-74.036426
3040,40.62501,-74.030427
3041,40.624321,-74.02475
3042,40.624879,-74.019632
3043,40.624896,-74.013409
3044,40.623915,-74.00726
3045,40.624821,-74.00273
3046,40.6245201,-73.9974839
3047,40.624855,-73.991944
3048,40.624323,-73.984962
3049,40.624653,-73.980985
3050,40.623724,-73.974626
3051,40.6243376,-73.9691109
3052,40.6248784,-73.9641737
3053,40.6254962,-73.9585396
3054,40.6237699,-73.9521281
3055,40.6242782,-73.9474201
3056,40.6249231,-73.9416841
3057,40.624691,-73.93633
3058,40.624442,-73.930393
3059,40.623743,-73.924469
3060,40.6240403,-73.9196902
3061,40.624333,-73.913205
3062,40.6241807,-73.9090757
3063,40.6257323,-73.9010623
3112,40.6293352,-74.1852552
3113,40.6285428,-74.1791788
3115,40.628527,-74.169296
3116,40.628997,-74.163822
3117,40.6287971,-74.1579589
3118,40.6287891,-74.1526627
3119,40.629371,-74.147536
3120,40.6291448,-74.141204
3121,40.628188,-74.136046
3122,40.6286669,-74.1301174
3123,40.6286392,-74.1246838
3124,40.6287103,-74.119005
3125,40.628562,-74.113215
3126,40.628904,-74.108036
3127,40.628724,-74.103248
3128,40.6301389,-74.0981496
3129,40.6306925,-74.0904735
3130,40.6286624,-74.0857292
3131,40.6289629,-74.0797333
3132,40.6287538,-74.0744852
3138,40.6287252,-74.0398809
3139,40.628375,-74.034938
3140,40.629199,-74.031658
3141,40.629378,-74.02566
3142,40.628702,-74.019701
3143,40.629024,-74.012702
3144,40.629371,-74.008754
3145,40.628751,-74.002228
3146,40.6284534,-73.9963379
3147,40.629006,-73.991212
3148,40.629355,-73.987259
3149,40.6288805,-73.9804306
3150,40.628412,-73.974832
3151,40.6292357,-73.9689277
3152,40.628715,-73.963952
3153,40.6291393,-73.9582586
3154,40.62854,-73.953031
3155,40.629166,-73.947327
3156,40.6296861,-73.941509
3157,40.627692,-73.935549
3158,40.627987,-73.930772
3159,40.628349,-73.924956
3160,40.628702,-73.919248
3161,40.6276334,-73.9135324
3162,40.6297509,-73.9081904
3163,40.62897,-73.903222
3164,40.6289182,-73.8971517
3165,40.629649,-73.891826
3166,40.6294565,-73.8855533
3212,40.6343049,-74.1846316
3215,40.6337216,-74.1675704
3216,40.632924,-74.161673
3217,40.6328216,-74.1581396
3218,40.633637,-74.151949
3219,40.632831,-74.147217
3220,40.63313,-74.1414442
3221,40.6333432,-74.1365407
3222,40.632371,-74.130166
3223,40.632747,-74.12398
3224,40.632392,-74.119167
3225,40.632768,-74.112999
3226,40.632687,-74.107348
3227,40.633244,-74.101856
3228,40.632884,-74.097198
3229,40.6333014,-74.0919464
3230,40.632878,-74.085538
3231,40.6328991,-74.0790983
3232,40.633115,-74.0752971
3238,40.6313074,-74.0388138
3239,40.632667,-74.0361287
3240,40.6327863,-74.0301957
3241,40.633096,-74.025177
3242,40.632885,-74.019736
3243,40.632634,-74.012534
3244,40.633028,-74.008537
3245,40.632645,-74.001764
3246,40.632996,-73.997813
3247,40.632574,-73.991081
3248,40.633487,-73.986548
3249,40.6323563,-73.9801459
3250,40.633488,-73.974583
3251,40.6329183,-73.9688912
3252,40.6330092,-73.9638213
3253,40.6329449,-73.957771
3254,40.633428,-73.952974
3255,40.6328457,-73.9476588
3256,40.6320243,-73.9417648
3257,40.6332967,-73.9361537
3258,40.632726,-73.930312
3259,40.633028,-73.925456
3260,40.632955,-73.919704
3261,40.632644,-73.912635
3262,40.633184,-73.908135
3263,40.6334412,-73.903415
3264,40.633777,-73.897466
3265,40.6327676,-73.8914278
3266,40.6324927,-73.8881127
3267,40.6328194,-73.8828895
3276,40.6346846,-73.8300001
3315,40.637256,-74.168214
3316,40.637192,-74.164146
3317,40.6368158,-74.1579447
3318,40.6369271,-74.1520976
3319,40.6375981,-74.1469983
3320,40.6377476,-74.1412851
3321,40.636782,-74.136095
3322,40.637191,-74.130299
3323,40.637466,-74.124605
3324,40.636667,-74.119752
3325,40.637429,-74.113736
3326,40.6370424,-74.1081848
3327,40.6368223,-74.1022136
3328,40.6379235,-74.094924
3329,40.6378435,-74.091671
3330,40.636692,-74.085879
3331,40.63715,-74.0808506
3332,40.6378028,-74.074785
3339,40.6373048,-74.0360638
3340,40.6375296,-74.0304402
3341,40.6371485,-74.0254646
3342,40.6372131,-74.0195285
3343,40.637571,-74.014567
3344,40.637195,-74.007788
3345,40.637546,-74.003838
3346,40.637126,-73.997103
3347,40.636705,-73.990373
3348,40.637056,-73.986419
3349,40.636639,-73.979681
3350,40.6382704,-73.9754893
3351,40.6365163,-73.9693605
3352,40.637098,-73.963646
3353,40.6367926,-73.9574361
3354,40.63765,-73.95279
3355,40.6363286,-73.9470444
3356,40.636687,-73.941283
3357,40.63698,-73.936542
3358,40.637336,-73.930796
3359,40.6370504,-73.9249531
3360,40.6371364,-73.919136
3361,40.637503,-73.914175
3362,40.63622,-73.907784
3363,40.6369741,-73.9023481
3364,40.637196,-73.897583
3365,40.637676,-73.892495
3366,40.6367734,-73.8852626
3367,40.639027,-73.881541
3391,40.637361,-73.7468706
3392,40.6362636,-73.7418413
3412,40.6432466,-74.1859829
3413,40.6408279,-74.179777
3415,40.6409582,-74.1691606
3416,40.639782,-74.164735
3420,40.6395597,-74.1410516
3421,40.6409218,-74.1344424
3422,40.640925,-74.131157
3424,40.6408867,-74.1181814
3425,40.641169,-74.113504
3426,40.641124,-74.107884
3427,40.639618,-74.102166
3428,40.641247,-74.09643
3429,40.64138,-74.091626
3430,40.641548,-74.085365
3431,40.6417007,-74.0805561
3432,40.6407996,-74.0756808
3439,40.6407794,-74.0351911
3440,40.6415186,-74.030349
3441,40.6412144,-74.0251097
3442,40.6408803,-74.0184807
3443,40.641745,-74.013814
3444,40.640765,-74.00766
3445,40.6416811,-74.0031317
3446,40.641256,-73.996393
3447,40.641728,-73.992644
3448,40.641185,-73.985709
3449,40.64054,-73.980074
3450,40.640766,-73.9750158
3451,40.641383,-73.969399
3452,40.6416064,-73.9635604
3453,40.64193,-73.958408
3454,40.6407066,-73.9523764
3455,40.6410142,-73.9475463
3456,40.6413721,-73.94179
3457,40.6417211,-73.9361081
3458,40.6420791,-73.930368
3459,40.6412236,-73.9253969
3460,40.6411909,-73.9195626
3461,40.641035,-73.913146
3462,40.641232,-73.908403
3463,40.641652,-73.903774
3464,40.640373,-73.8970126
3465,40.641173,-73.891426
3466,40.640427,-73.886762
3467,40.640688,-73.882129
3468,40.6431158,-73.8756501
3483,40.6425637,-73.789344
3484,40.6431588,-73.7856405
3492,40.6407211,-73.7433558
3525,40.6441092,-74.1119797
3526,40.6452403,-74.1077701
3527,40.6453102,-74.104652
3528,40.6448216,-74.0959609
3529,40.645023,-74.091562
3530,40.645926,-74.086021
3531,40.644793,-74.080282
3532,40.6452637,-74.0750015
3541,40.6459032,-74.0238269
3542,40.6457391,-74.0204271
3543,40.6453847,-74.0137964
3544,40.6448977,-74.0069512
3545,40.645245,-74.002999
3546,40.644827,-73.996266
3547,40.6452361,-73.9922664
3548,40.6457686,-73.9852859
3549,40.6451091,-73.9798789
3550,40.6451866,-73.97472
3551,40.645487,-73.969023
3552,40.6456834,-73.9643283
3553,40.645302,-73.958037
3554,40.644908,-73.9525559
3555,40.6452503,-73.947059
3556,40.6447317,-73.9411995
3557,40.644946,-73.936456
3558,40.6462578,-73.9308062
3559,40.6454618,-73.9249713
3560,40.6450738,-73.9194372
3561,40.6453667,-73.9129812
3562,40.644898,-73.909056
3563,40.645134,-73.902313
3564,40.64563,-73.897619
3565,40.645321,-73.892218
3566,40.644548,-73.887697
3567,40.6461066,-73.8799388
3568,40.6456867,-73.8745795
3581,40.6461978,-73.801049
3582,40.6456115,-73.7977795
3583,40.6451185,-73.7920221
3584,40.6455158,-73.7860728
3585,40.6452155,-73.7806318
3630,40.6480677,-74.0866001
3631,40.6479183,-74.0801415
3641,40.6509392,-74.0229118
3642,40.6498629,-74.0197149
3643,40.649461,-74.0130138
3644,40.6497942,-74.0090209
3645,40.649377,-74.002287
3646,40.647538,-73.997023
3649,40.6495281,-73.980716
3650,40.6488732,-73.9748877
3651,40.6492456,-73.9688016
3652,40.649085,-73.963984
3653,40.6492295,-73.9590721
3654,40.649644,-73.952884
3655,40.6490409,-73.9474672
3656,40.6493983,-73.9417005
3657,40.6497522,-73.935989
3658,40.6501187,-73.9302102
3659,40.6497534,-73.9243509
3660,40.650201,-73.919621
3661,40.649061,-73.913253
3662,40.649388,-73.908399
3663,40.649775,-73.903457
3664,40.6490346,-73.8963556
3665,40.6499869,-73.8912207
3666,40.6492007,-73.8876724
3667,40.648869,-73.879408
3669,40.6497353,-73.8696231
3670,40.6513998,-73.8654897
3673,40.649468,-73.847134
3674,40.6501372,-73.8424735
3675,40.6493652,-73.835766
3676,40.649993,-73.8314366
3677,40.6503435,-73.8272332
3680,40.6488656,-73.8097447
3684,40.6493034,-73.7856078
3685,40.6478601,-73.7817406
3688,40.6510519,-73.7667549
3693,40.6493045,-73.7368531
3694,40.6506786,-73.7302957
3742,40.6521055,-74.0173802
3743,40.6530292,-74.0128506
3744,40.653739,-74.0080182
3745,40.6529468,-74.0021589
3746,40.6551853,-73.9998335
3749,40.654003,-73.979926
3750,40.6534409,-73.9742757
3752,40.653995,-73.964145
3753,40.653575,-73.959451
3754,40.653978,-73.952824
3755,40.654339,-73.947032
3756,40.653149,-73.941164
3757,40.653445,-73.936386
3758,40.653805,-73.930604
3759,40.654162,-73.924821
3760,40.653289,-73.919185
3761,40.6540128,-73.9137628
3762,40.6542934,-73.9087287
3763,40.653752,-73.901651
3764,40.65381,-73.896782
3765,40.65408,-73.891608
3766,40.6531491,-73.8855419
3767,40.6533323,-73.8814206
3768,40.6537687,-73.8755911
3769,40.6556444,-73.8712367
3770,40.653987,-73.8649772
3771,40.6542909,-73.8600122
3772,40.653954,-73.852231
3773,40.6529547,-73.8470229
3774,40.6537501,-73.8414608
3775,40.6544339,-73.8367169
3776,40.653271,-73.831061
3777,40.6532513,-73.8278586
3779,40.6524589,-73.8130992
3780,40.6544493,-73.8081717
3782,40.6539073,-73.7954021
3783,40.6536174,-73.7918195
3784,40.6533789,-73.7871256
3786,40.6539899,-73.7734785
3787,40.6546035,-73.7683406
3788,40.6553433,-73.7656518
3789,40.6537658,-73.7600912
3790,40.6546009,-73.752024
3791,40.6543249,-73.7475704
3792,40.653982,-73.740969
3793,40.653722,-73.736822
3794,40.653645,-73.732005
3795,40.653634,-73.725374
3843,40.6575276,-74.014238
3844,40.6575079,-74.0081798
3845,40.6582145,-74.003339
3846,40.6579853,-73.9969167
3847,40.658337,-73.992964
3848,40.6579237,-73.9862252
3849,40.657935,-73.980268
3850,40.658116,-73.975652
3852,40.6582982,-73.961455
3853,40.658306,-73.956649
3854,40.657661,-73.95322
3855,40.658031,-73.947433
3856,40.6576066,-73.942313
3857,40.6579968,-73.9358921
3858,40.6582952,-73.9310808
3859,40.6576902,-73.9254167
3860,40.658398,-73.919968
3861,40.657362,-73.914413
3862,40.657803,-73.908674
3863,40.657537,-73.902746
3864,40.6578273,-73.8970858
3865,40.6579956,-73.8915113
3866,40.657683,-73.887786
3867,40.657295,-73.879997
3868,40.6576987,-73.874952
3869,40.658068,-73.8697922
3870,40.6588403,-73.8659224
3872,40.657294,-73.853053
3873,40.658108,-73.847314
3874,40.6572298,-73.841372
3875,40.6579081,-73.8366288
3876,40.6579077,-73.8308978
3877,40.6579976,-73.8248099
3878,40.6585654,-73.8176712
3879,40.6568994,-73.8139562
3880,40.6579495,-73.8082266
3881,40.6581839,-73.8035645
3882,40.6577428,-73.7953287
3883,40.6582333,-73.7928179
3885,40.6562929,-73.7822028
3886,40.6588603,-73.7745556
3887,40.6581384,-73.7698314
3888,40.6579722,-73.7646522
3889,40.6576366,-73.7584035
3890,40.658087,-73.752989
3891,40.658717,-73.748325
3892,40.6573612,-73.7415411
3893,40.6573631,-73.7363617
3894,40.6574722,-73.7306682
3895,40.6581904,-73.7269583
3944,40.6617238,-74.0063112
3945,40.6612683,-74.002347
3946,40.6616284,-73.996901
3947,40.662469,-73.992255
3948,40.662081,-73.985596
3949,40.6611752,-73.9801325
3950,40.6640117,-73.9773568
3952,40.6630968,-73.9623837
3953,40.661965,-73.957044
3954,40.662174,-73.9537
3955,40.661746,-73.947832
3956,40.66206,-73.942767
3957,40.6616699,-73.9372619
3958,40.6621471,-73.930382
3959,40.661203,-73.92432
3960,40.661994,-73.919584
3961,40.661854,-73.913604
3962,40.6618319,-73.9077429
3963,40.66185,-73.902892
3964,40.662673,-73.897369
3965,40.662197,-73.892287
3966,40.662014,-73.886814
3967,40.6626361,-73.880748
3968,40.661459,-73.87447
3969,40.6618713,-73.8693844
3970,40.6611254,-73.8625165
3971,40.6617404,-73.8579262
3972,40.6624213,-73.8533687
3973,40.6615923,-73.8472282
3974,40.6623877,-73.841693
3975,40.6613835,-73.8365335
3976,40.6620529,-73.8319337
3977,40.6606449,-73.8239704
3978,40.6637383,-73.8220062
3979,40.6613994,-73.8138359
3980,40.6608433,-73.8094635
3981,40.6620832,-73.802726
3982,40.6616052,-73.7952644
3983,40.6616124,-73.7913841
3984,40.6632744,-73.7841663
3985,40.663039,-73.781021
3986,40.6618978,-73.7756832
3987,40.6621738,-73.7701104
3988,40.662063,-73.764378
3989,40.661372,-73.759024
3990,40.661698,-73.753799
3991,40.662401,-73.74699
3992,40.662131,-73.741561
3993,40.661596,-73.736606
3994,40.662391,-73.730326
3995,40.6610675,-73.7277559
4043,40.6649031,-74.0143548
4045,40.6672774,-74.0002284
4046,40.665902,-73.9964215
4047,40.6661014,-73.9921647
4048,40.666233,-73.985445
4049,40.665749,-73.979224
4050,40.6664242,-73.9753492
4052,40.666695,-73.961616
4053,40.6660624,-73.9586411
4054,40.6663638,-73.9522243
4055,40.666139,-73.948067
4056,40.665838,-73.942528
4057,40.666426,-73.936907
4058,40.666126,-73.931381
4059,40.665916,-73.925463
4060,40.6657908,-73.9194158
4061,40.6666041,-73.9138665
4062,40.6666345,-73.9080516
4063,40.666592,-73.90319
4064,40.665878,-73.897233
4065,40.666716,-73.89161
4066,40.665994,-73.885795
4067,40.666823,-73.881656
4068,40.6657457,-73.8744176
4069,40.6667339,-73.8697607
4070,40.6659945,-73.8638705
4071,40.6669216,-73.8573801
4072,40.6659035,-73.8531996
4073,40.6664899,-73.8477872
4074,40.666359,-73.8417495
4075,40.6656155,-73.8360924
4076,40.6665582,-73.8309153
4077,40.6661352,-73.8251859
4078,40.666419,-73.8192377
4079,40.6659085,-73.8145893
4080,40.6662775,-73.808635
4081,40.6662194,-73.8018034
4082,40.6656133,-73.7968096
4083,40.6657958,-73.7923592
4084,40.6662835,-73.7862092
4085,40.665518,-73.781265
4086,40.665303,-73.774997
4087,40.66591,-73.769975
4088,40.6663947,-73.7644521
4089,40.6661324,-73.7588765
4090,40.666399,-73.7532121
4091,40.6658306,-73.7471215
4092,40.6663892,-73.741302
4093,40.6665294,-73.7364625
4094,40.6653694,-73.7310204
4095,40.6647006,-73.7279257
4143,40.6722317,-74.0110067
4145,40.6700371,-74.0018298
4146,40.6703777,-73.9974578
4147,40.670257,-73.992024
4148,40.669783,-73.985796
4149,40.6710497,-73.9814267
4150,40.670576,-73.975196
4151,40.6712477,-73.9713385
4152,40.669641,-73.962194
4153,40.6704525,-73.9580481
4154,40.6702231,-73.9532498
4155,40.670597,-73.947647
4156,40.670342,-73.942106
4157,40.670041,-73.936569
4158,40.670583,-73.930952
4159,40.670279,-73.925413
4160,40.669978,-73.919878
4161,40.670897,-73.914039
4162,40.670098,-73.90797
4163,40.670793,-73.903269
4164,40.6703363,-73.8974193
4165,40.669926,-73.891481
4166,40.670727,-73.886082
4167,40.66993,-73.880697
4168,40.670724,-73.87518
4169,40.669934,-73.869602
4170,40.6694348,-73.8640978
4171,40.6701733,-73.8583408
4172,40.6698392,-73.8531554
4173,40.669904,-73.8474599
4174,40.6703469,-73.8416141
4175,40.670186,-73.836604
4177,40.6693904,-73.8251285
4178,40.670372,-73.819929
4179,40.669386,-73.814457
4180,40.669735,-73.808497
4181,40.670487,-73.802656
4182,40.670442,-73.798087
4183,40.670207,-73.79155
4184,40.6709984,-73.78606
4185,40.67087,-73.781422
4186,40.669964,-73.775308
4187,40.669618,-73.76995
4188,40.670071,-73.763702
4189,40.670978,-73.758951
4190,40.670366,-73.752788
4191,40.6703661,-73.7472053
4192,40.6704515,-73.7417638
4193,40.6700286,-73.7364301
4194,40.670816,-73.73039
4195,40.6715495,-73.7280787
4242,40.6749461,-74.0179208
4243,40.674128,-74.013855
4244,40.6746216,-74.0077049
4245,40.674492,-74.0020491
4246,40.6747317,-73.9977713
4247,40.674411,-73.99187
4248,40.6739972,-73.9857688
4249,40.6751433,-73.9813258
4250,40.6744679,-73.9754639
4251,40.6742674,-73.9696718
4252,40.674573,-73.963137
4253,40.674171,-73.956703
4254,40.674462,-73.952849
4255,40.674162,-73.947313
4256,40.674748,-73.941694
4257,40.6744834,-73.9361576
4258,40.674147,-73.930615
4259,40.674737,-73.925003
4260,40.674438,-73.919455
4261,40.6741354,-73.9139185
4262,40.6746176,-73.9083088
4263,40.673442,-73.9029485
4264,40.674255,-73.897485
4265,40.673851,-73.891544
4266,40.674648,-73.8861651
4267,40.674121,-73.880803
4268,40.6749253,-73.8752771
4269,40.6744014,-73.8697501
4270,40.6744626,-73.8640475
4271,40.6741504,-73.8582357
4272,40.6739247,-73.8532165
4273,40.674667,-73.847769
4274,40.674447,-73.841683
4275,40.6739819,-73.8363109
4276,40.6754726,-73.8319494
4277,40.675168,-73.825252
4278,40.674174,-73.819743
4279,40.6754873,-73.8138744
4280,40.674201,-73.808393
4281,40.674521,-73.803204
4282,40.67405,-73.797922
4283,40.67349,-73.791652
4284,40.6739305,-73.7848258
4285,40.674401,-73.780862
4286,40.673444,-73.7756376
4287,40.675177,-73.7691216
4288,40.6747552,-73.7636644
4289,40.673699,-73.758225
4290,40.674259,-73.753174
4291,40.674613,-73.747436
4292,40.674807,-73.742255
4293,40.6744749,-73.736125
4294,40.6739238,-73.7307297
4295,40.675096,-73.727141
4342,40.6789613,-74.0181113
4343,40.678694,-74.013527
4344,40.67897,-74.008302
4345,40.6783428,-74.0026946
4346,40.6786811,-73.997667
4347,40.6781021,-73.9908957
4348,40.678344,-73.985429
4349,40.6783627,-73.979144
4350,40.6787,-73.975749
4351,40.6785448,-73.9685514
4352,40.6785161,-73.96391
4353,40.678282,-73.958845
4354,40.6786316,-73.952967
4355,40.6784028,-73.9469121
4356,40.6781262,-73.9418551
4357,40.6788716,-73.9355836
4358,40.6785623,-73.929794
4359,40.678276,-73.924662
4360,40.6787379,-73.9191265
4361,40.6784275,-73.9135536
4362,40.6783666,-73.9081367
4363,40.6788815,-73.9035587
4364,40.6786625,-73.8973789
4365,40.678031,-73.891672
4366,40.679373,-73.886438
4367,40.6789161,-73.8810447
4368,40.6783851,-73.875169
4369,40.678311,-73.869794
4370,40.6790193,-73.864219
4371,40.678121,-73.858268
4372,40.678266,-73.852985
4373,40.6784,-73.847019
4374,40.678584,-73.842153
4375,40.678252,-73.835802
4376,40.6781226,-73.8308864
4377,40.6793195,-73.8255107
4378,40.6790147,-73.8195918
4379,40.678508,-73.814339
4380,40.678297,-73.808067
4381,40.6778008,-73.8031999
4382,40.679097,-73.798215
4383,40.678649,-73.791459
4384,40.678642,-73.787137
4385,40.678989,-73.780913
4386,40.6784682,-73.7739618
4387,40.678244,-73.771096
4388,40.6786852,-73.7643363
4389,40.6790622,-73.7586955
4390,40.678497,-73.75317
4391,40.678482,-73.7473066
4392,40.678226,-73.742382
4393,40.679024,-73.736721
4394,40.6793465,-73.7304797
4395,40.678746,-73.7258314
4443,40.6806301,-74.0163704
4444,40.6825765,-74.0079389
4445,40.6826628,-74.0022806
4446,40.6829579,-73.9978545
4447,40.6820655,-73.990865
4448,40.6822774,-73.985229
4449,40.6825229,-73.9796671
4450,40.682281,-73.973952
4451,40.6820838,-73.9687053
4452,40.682807,-73.963664
4453,40.6830158,-73.9588391
4454,40.682848,-73.953809
4455,40.682914,-73.946727
4456,40.6828405,-73.9409184
4457,40.682762,-73.9350092
4458,40.6823658,-73.9319409
4459,40.6823103,-73.9259502
4460,40.682254,-73.919866
4461,40.682874,-73.914465
4462,40.682105,-73.909055
4463,40.68252,-73.903153
4464,40.6821803,-73.8965686
4465,40.6834076,-73.8909343
4466,40.682589,-73.886303
4467,40.683409,-73.880725
4468,40.682749,-73.875361
4469,40.6824784,-73.8690397
4470,40.682373,-73.864101
4471,40.6825584,-73.8587297
4472,40.6828163,-73.853059
4473,40.681859,-73.846715
4474,40.683018,-73.84237
4475,40.6823982,-73.836143
4476,40.682172,-73.831034
4477,40.683666,-73.825776
4478,40.683002,-73.819544
4479,40.682506,-73.814298
4480,40.6822976,-73.808035
4481,40.681846,-73.802587
4482,40.683107,-73.798125
4483,40.682617,-73.792671
4484,40.682989,-73.78613
4485,40.682863,-73.781151
4486,40.682942,-73.775046
4487,40.6831091,-73.7701332
4488,40.682737,-73.76468
4489,40.682284,-73.757658
4490,40.682691,-73.753171
4491,40.682427,-73.747155
4492,40.683065,-73.741722
4493,40.6821211,-73.7354256
4494,40.6825821,-73.7313165
4495,40.682657,-73.725907
4544,40.6851112,-74.0055841
4545,40.6857424,-74.0023551
4546,40.6863978,-73.9972781
4547,40.6873112,-73.9919332
4548,40.686294,-73.985259
4549,40.686641,-73.9798125
4550,40.687191,-73.974616
4551,40.686288,-73.96949
4552,40.6869754,-73.9635087
4553,40.686683,-73.959568
4554,40.6865116,-73.9545379
4555,40.686578,-73.947456
4556,40.686497,-73.9416404
4557,40.6871583,-73.9358848
4558,40.6871,-73.929888
4559,40.6870792,-73.9235426
4560,40.6875921,-73.9190692
4561,40.687079,-73.913892
4562,40.686417,-73.908688
4563,40.686299,-73.904494
4565,40.6880554,-73.8916276
4566,40.6852324,-73.8882404
4567,40.686281,-73.880273
4568,40.686506,-73.874951
4569,40.686619,-73.869155
4570,40.6863252,-73.863509
4571,40.687016,-73.8582633
4572,40.6868542,-73.8531029
4573,40.6869891,-73.8472308
4574,40.687199,-73.842442
4575,40.686998,-73.8364025
4576,40.6862925,-73.8308853
4577,40.6860268,-73.8250532
4578,40.6877983,-73.8201735
4579,40.6869442,-73.8141329
4580,40.686963,-73.808258
4581,40.6868066,-73.8032177
4582,40.687524,-73.798286
4583,40.687048,-73.792107
4584,40.687231,-73.787101
4585,40.687037,-73.780516
4586,40.686996,-73.7749447
4587,40.6862222,-73.7685208
4588,40.6874561,-73.7642779
4589,40.687287,-73.758858
4590,40.686435,-73.752902
4591,40.6874292,-73.7487905
4592,40.6880404,-73.7418295
4593,40.6864805,-73.7365607
4594,40.686777,-73.731347
4595,40.6868169,-73.726374
4645,40.6897638,-74.000792
4646,40.6911866,-73.997784
4647,40.6909891,-73.9917431
4648,40.6910889,-73.986427
4649,40.6898965,-73.9804284
4650,40.689698,-73.975106
4651,40.691564,-73.969521
4652,40.6919943,-73.9637301
4653,40.690546,-73.958578
4654,40.691121,-73.953566
4655,40.690974,-73.948331
4656,40.6908927,-73.9425095
4657,40.6908217,-73.9366145
4658,40.6907634,-73.9306163
4659,40.6913638,-73.9253312
4660,40.690499,-73.919906
4661,40.69131,-73.91325
4662,40.691075,-73.908797
4663,40.690409,-73.903597
4664,40.6920387,-73.8968819
4665,40.6909835,-73.8905221
4666,40.691201,-73.8863301
4667,40.6920217,-73.8821455
4668,40.689299,-73.874054
4669,40.690987,-73.869027
4670,40.691174,-73.863678
4671,40.69121,-73.85859
4672,40.690684,-73.853045
4673,40.6909403,-73.846852
4674,40.691,-73.841398
4675,40.690353,-73.836044
4676,40.691431,-73.830526
4677,40.691471,-73.825563
4678,40.6912381,-73.8188431
4679,40.690972,-73.814384
4680,40.691447,-73.808663
4681,40.690864,-73.802519
4682,40.691002,-73.797601
4683,40.6914292,-73.7922369
4684,40.69083,-73.787057
4685,40.69103,-73.780782
4686,40.69073,-73.775489
4687,40.692183,-73.771208
4688,40.6907696,-73.7640224
4689,40.691179,-73.758788
4690,40.691213,-73.752952
4691,40.691198,-73.748145
4692,40.6906285,-73.7431089
4693,40.690255,-73.736595
4694,40.6906703,-73.7313314
4695,40.6911221,-73.7268052
4745,40.6931042,-74.000996
4746,40.6949744,-73.9977089
4747,40.6949448,-73.9920972
4748,40.694921,-73.9860671
4749,40.695753,-73.9802975
4750,40.6959652,-73.9744072
4751,40.6957846,-73.9693476
4752,40.6955923,-73.9644503
4753,40.694366,-73.957997
4754,40.6950083,-73.9524897
4755,40.694962,-73.946223
4756,40.6948807,-73.9404133
4757,40.6952183,-73.9374903
4758,40.6946746,-73.931144
4759,40.694855,-73.924995
4760,40.694731,-73.919271
4761,40.694497,-73.914808
4762,40.6954082,-73.9080558
4763,40.6948506,-73.9027788
4764,40.694633,-73.897995
4765,40.69547,-73.892016
4766,40.6966667,-73.8868843
4769,40.6947679,-73.8682836
4770,40.694842,-73.86432
4771,40.695349,-73.858955
4772,40.6947649,-73.8528079
4773,40.6947973,-73.8477351
4774,40.6952356,-73.8420276
4775,40.694416,-73.835982
4776,40.69538,-73.830581
4777,40.6948066,-73.8248295
4778,40.69458,-73.819426
4779,40.69468,-73.814275
4780,40.6949776,-73.8083514
4781,40.6950932,-73.8029071
4782,40.695656,-73.798302
4783,40.694595,-73.791005
4784,40.694957,-73.786034
4785,40.6948354,-73.7806199
4786,40.6958592,-73.7747909
4787,40.694492,-73.768838
4788,40.6948928,-73.7647267
4789,40.695117,-73.758974
4790,40.695719,-73.753759
4791,40.694767,-73.746968
4792,40.6956887,-73.7418624
4793,40.695734,-73.7357578
4794,40.6944172,-73.7313933
4795,40.694483,-73.7269512
4846,40.6990102,-73.9960124
4847,40.699392,-73.992075
4848,40.6992405,-73.9859209
4849,40.6997133,-73.9804642
4850,40.698873,-73.9738008
4851,40.6990913,-73.9687023
4852,40.6996977,-73.9623573
4853,40.69882,-73.957959
4854,40.699405,-73.95337
4855,40.699374,-73.947105
4856,40.699292,-73.941309
4857,40.699409,-73.936216
4858,40.698911,-73.93077
4859,40.700056,-73.924582
4860,40.699392,-73.919377
4861,40.6993038,-73.9136017
4862,40.699841,-73.908683
4863,40.699584,-73.902239
4864,40.6987519,-73.8972586
4865,40.698815,-73.892146
4866,40.6998254,-73.8867668
4867,40.6998621,-73.8810912
4868,40.7008591,-73.8776288
4869,40.6982178,-73.8694848
4871,40.6990585,-73.8572281
4872,40.6999606,-73.8535588
4873,40.6988305,-73.8469996
4874,40.699358,-73.842339
4875,40.6992,-73.836296
4876,40.6999653,-73.8310864
4877,40.698765,-73.824536
4878,40.6993023,-73.8194002
4879,40.699046,-73.814406
4880,40.698434,-73.808547
4881,40.6990749,-73.802749
4882,40.6987155,-73.7965172
4883,40.69982,-73.792549
4884,40.698606,-73.786254
4885,40.6988177,-73.7810622
4886,40.699358,-73.775017
4887,40.698929,-73.770366
4888,40.6995565,-73.76436
4889,40.699084,-73.758243
4890,40.698212,-73.752876
4891,40.6995368,-73.747791
4892,40.6996157,-73.7422179
4893,40.699949,-73.736618
4894,40.699425,-73.729791
4895,40.699359,-73.727613
4942,40.7049134,-74.0173422
4943,40.7035982,-74.0131307
4944,40.7032048,-74.0079952
4945,40.7052329,-74.0047485
4946,40.702487,-73.995024
4947,40.7032441,-73.9906658
4948,40.7031063,-73.98664
4949,40.7035762,-73.9810717
4950,40.7021986,-73.976485
4951,40.7023557,-73.9682176
4952,40.7031324,-73.9643999
4953,40.703639,-73.957616
4954,40.702617,-73.953181
4955,40.703351,-73.947539
4956,40.7032149,-73.9407492
4957,40.702709,-73.9373222
4958,40.703473,-73.930594
4959,40.7028126,-73.9253929
4960,40.703858,-73.918504
4961,40.703239,-73.914386
4962,40.70325,-73.908432
4963,40.7031,-73.902639
4964,40.703415,-73.897646
4965,40.703597,-73.891268
4966,40.70338,-73.88632
4967,40.702626,-73.879397
4968,40.7043916,-73.8752784
4969,40.7028397,-73.8698193
4970,40.7033294,-73.8637925
4971,40.7029435,-73.8584431
4972,40.7031005,-73.8533156
4974,40.702691,-73.8394909
4975,40.70342,-73.836619
4976,40.703035,-73.8312472
4977,40.702997,-73.8251755
4978,40.703868,-73.8196053
4979,40.703674,-73.813949
4980,40.7030233,-73.8084535
4981,40.70322,-73.80256
4982,40.7030594,-73.7971428
4983,40.7032599,-73.7919418
4984,40.703553,-73.785572
4985,40.703549,-73.781288
4986,40.703986,-73.774348
4987,40.704046,-73.769494
4988,40.702973,-73.763668
4989,40.703603,-73.758296
4990,40.703404,-73.753209
4991,40.703411,-73.747405
4992,40.703384,-73.741676
4993,40.7033329,-73.736205
4994,40.703099,-73.73037
4995,40.7030652,-73.7271533
5042,40.7070005,-74.0179396
5043,40.7071527,-74.0139431
5044,40.7077288,-74.0082757
5045,40.7072195,-74.0027472
5046,40.7090266,-73.9968491
5047,40.7093658,-73.9935802
5051,40.707029,-73.969131
5052,40.7075372,-73.9644203
5053,40.7072447,-73.9582979
5054,40.7072211,-73.9520844
5055,40.707754,-73.946656
5056,40.707493,-73.941518
5057,40.7072911,-73.9358982
5058,40.707153,-73.931479
5059,40.7074066,-73.9253809
5060,40.7078177,-73.9192201
5061,40.70766,-73.913435
5062,40.707154,-73.908012
5063,40.7073792,-73.9033696
5064,40.707759,-73.897563
5065,40.707201,-73.892155
5066,40.706225,-73.886528
5067,40.7064032,-73.8799984
5068,40.7069828,-73.8749522
5069,40.7078481,-73.8696177
5070,40.7066875,-73.864269
5071,40.7067833,-73.8593165
5072,40.7076398,-73.8527052
5073,40.7084146,-73.8476623
5074,40.7085205,-73.8410387
5075,40.7075771,-73.8361823
5076,40.707655,-73.831165
5077,40.707449,-73.825101
5078,40.7073285,-73.8193189
5079,40.707659,-73.813145
5080,40.707377,-73.809689
5081,40.7077238,-73.8027908
5082,40.70742,-73.797147
5083,40.7077338,-73.7912974
5084,40.7078564,-73.7867364
5085,40.707607,-73.780231
5086,40.707267,-73.773468
5087,40.708081,-73.769688
5088,40.70752,-73.76409
5089,40.7071034,-73.7590002
5090,40.7069376,-73.7529811
5091,40.707861,-73.747776
5092,40.707299,-73.742014
5093,40.707421,-73.735706
5094,40.707758,-73.731125
5095,40.7083693,-73.7273905
5142,40.7103644,-74.0175611
5143,40.7110047,-74.0143969
5144,40.7115948,-74.0084808
5145,40.7116882,-74.0027433
5146,40.7113738,-73.9967842
5147,40.7117454,-73.9924507
5148,40.7115328,-73.9867498
5149,40.7115207,-73.9806225
5150,40.7130646,-73.9776047
5151,40.7108555,-73.9684877
5152,40.7112358,-73.963364
5153,40.711609,-73.957535
5154,40.7114242,-73.9531291
5155,40.711324,-73.947245
5156,40.711801,-73.942228
5157,40.711693,-73.935808
5158,40.711887,-73.9288768
5159,40.71134,-73.925126
5160,40.711456,-73.91986
5161,40.710529,-73.915264
5162,40.7118491,-73.9080039
5163,40.711272,-73.903036
5164,40.710775,-73.897576
5165,40.7117619,-73.8936454
5166,40.712208,-73.886377
5167,40.712026,-73.879215
5168,40.711713,-73.875389
5169,40.711246,-73.870945
5170,40.7107985,-73.8650025
5171,40.7118253,-73.858272
5172,40.71153,-73.852921
5173,40.71186,-73.847343
5174,40.711553,-73.842181
5175,40.7118233,-73.8361119
5176,40.711109,-73.831372
5177,40.7120374,-73.8253424
5178,40.7113316,-73.8187754
5179,40.711568,-73.814432
5180,40.711721,-73.808303
5181,40.711071,-73.803493
5182,40.711122,-73.797407
5183,40.7110747,-73.7920313
5184,40.7114412,-73.7876885
5185,40.711884,-73.781197
5186,40.711678,-73.775374
5187,40.7117162,-73.7696268
5188,40.7115158,-73.7643494
5189,40.711783,-73.75897
5190,40.7120424,-73.7532366
5191,40.7114697,-73.7477037
5192,40.711258,-73.742281
5193,40.712042,-73.736455
5194,40.71147,-73.731494
5195,40.7111452,-73.7273761
5242,40.7155474,-74.0166469
5243,40.7152775,-74.0135224
5244,40.716029,-74.0088423
5245,40.7155864,-74.0030308
5246,40.7155223,-73.9964428
5247,40.7160318,-73.9913119
5248,40.7159749,-73.9866936
5249,40.7159233,-73.9808785
5250,40.7158012,-73.9760506
5251,40.7149499,-73.967607
5252,40.7157393,-73.9644848
5253,40.7153744,-73.9582409
5254,40.715987,-73.953272
5255,40.715617,-73.947954
5256,40.7155353,-73.941153
5257,40.7152003,-73.9356282
5258,40.716345,-73.9310031
5259,40.715401,-73.926926
5260,40.7174084,-73.9193154
5261,40.7153281,-73.9129768
5262,40.715401,-73.908572
5263,40.715515,-73.902443
5264,40.716236,-73.897824
5265,40.717572,-73.893303
5266,40.716017,-73.886351
5267,40.715244,-73.880207
5268,40.715722,-73.875312
5269,40.715991,-73.872084
5270,40.7165453,-73.8619154
5271,40.715994,-73.858689
5272,40.715519,-73.853033
5273,40.715874,-73.847497
5274,40.7155679,-73.8423365
5275,40.71574,-73.836727
5276,40.7162515,-73.8307416
5277,40.7158551,-73.8253837
5278,40.7159778,-73.8196238
5279,40.7158426,-73.8140204
5280,40.7160043,-73.8078569
5281,40.7160859,-73.8030924
5282,40.7158788,-73.7975138
5283,40.716193,-73.792404
5284,40.715325,-73.786621
5285,40.716044,-73.780124
5286,40.716282,-73.775182
5287,40.716327,-73.77008
5288,40.716249,-73.763842
5289,40.7152276,-73.7584067
5290,40.715441,-73.753008
5291,40.7156965,-73.7470868
5292,40.715727,-73.741753
5293,40.715656,-73.735535
5294,40.715453,-73.730993
5343,40.7202964,-74.0122891
5344,40.7199664,-74.0085815
5345,40.719915,-74.0025862
5346,40.7205052,-73.9968362
5347,40.7198216,-73.9921032
5348,40.7193368,-73.9859139
5349,40.7203948,-73.980052
5350,40.7200751,-73.9749559
5352,40.7198922,-73.9640095
5353,40.71974,-73.95782
5354,40.719798,-73.953469
5355,40.720139,-73.947577
5356,40.720366,-73.941747
5357,40.720576,-73.936209
5359,40.7197627,-73.9248161
5361,40.719051,-73.913398
5362,40.719712,-73.908258
5363,40.7194101,-73.9024999
5364,40.7179811,-73.9000652
5365,40.7202213,-73.891748
5366,40.7196651,-73.8859298
5367,40.719251,-73.880122
5368,40.720156,-73.875309
5369,40.72005,-73.869689
5370,40.720102,-73.863496
5371,40.7196505,-73.8578432
5372,40.720167,-73.8527491
5373,40.719936,-73.846592
5374,40.7203512,-73.8419793
5375,40.719367,-73.835999
5376,40.7183511,-73.8334732
5377,40.7205098,-73.8258617
5378,40.7201761,-73.8205879
5379,40.7196831,-73.814326
5380,40.7198631,-73.8090191
5381,40.719514,-73.802693
5382,40.7205154,-73.7981674
5383,40.7198638,-73.7912624
5384,40.720034,-73.786067
5385,40.7198736,-73.780902
5386,40.720293,-73.7748739
5387,40.719433,-73.770252
5388,40.71939,-73.764959
5389,40.719565,-73.7583765
5390,40.719915,-73.753133
5391,40.720404,-73.74803
5392,40.720357,-73.741961
5393,40.719585,-73.73676
5394,40.7202837,-73.7305422
5443,40.7230709,-74.0117067
5444,40.7240219,-74.0084406
5445,40.724552,-74.001933
5446,40.72388,-73.996952
5447,40.723793,-73.9912412
5448,40.7236472,-73.9852818
5449,40.7236873,-73.9814332
5450,40.724283,-73.975598
5452,40.723812,-73.961401
5453,40.7236316,-73.9581394
5454,40.7232026,-73.9524918
5455,40.723557,-73.9476329
5456,40.7233632,-73.9412777
5457,40.7240506,-73.9360682
5458,40.7242196,-73.9308795
5460,40.7229563,-73.9205284
5461,40.7238542,-73.9145285
5462,40.723995,-73.90863
5463,40.724216,-73.901816
5464,40.7235109,-73.8981265
5465,40.724256,-73.891817
5466,40.7246155,-73.8861833
5467,40.724252,-73.880833
5468,40.72423,-73.875238
5469,40.7244023,-73.8693864
5470,40.723789,-73.864036
5471,40.723733,-73.8581543
5472,40.723323,-73.853437
5473,40.724558,-73.846871
5474,40.723642,-73.842225
5475,40.724074,-73.8365495
5476,40.7252983,-73.8305636
5477,40.723506,-73.824894
5478,40.7240214,-73.8203207
5479,40.723948,-73.812871
5480,40.723969,-73.808177
5481,40.724118,-73.802336
5482,40.7238837,-73.7976269
5483,40.7241733,-73.7909357
5484,40.723928,-73.786099
5485,40.72414,-73.780891
5486,40.7235899,-73.7756777
5487,40.7243668,-73.7691098
5488,40.7246976,-73.7647562
5489,40.723774,-73.759004
5490,40.723513,-73.752629
5491,40.723639,-73.746662
5492,40.72436,-73.742505
5493,40.7241588,-73.7359885
5494,40.723959,-73.730166
5495,40.7240785,-73.7256892
5496,40.7255309,-73.7204274
5544,40.728195,-74.008724
5545,40.7282339,-74.0023601
5546,40.7276837,-73.9981746
5547,40.7277632,-73.9912281
5548,40.727599,-73.985307
5549,40.728446,-73.98179
5550,40.7284581,-73.9756825
5551,40.7279995,-73.9716788
5552,40.7302687,-73.9611776
5553,40.728315,-73.9589933
5554,40.728421,-73.9524262
5555,40.728758,-73.947666
5556,40.72775,-73.941992
5557,40.7274928,-73.9362535
5558,40.7279838,-73.9324024
5559,40.7284721,-73.9245051
5560,40.7288894,-73.9195097
5561,40.7276066,-73.9121175
5562,40.7276947,-73.9082221
5563,40.727375,-73.90312
5564,40.72833,-73.89653
5565,40.728162,-73.891518
5566,40.7282158,-73.8871939
5567,40.7282667,-73.8806703
5568,40.7279921,-73.8758436
5569,40.72791,-73.869632
5570,40.728018,-73.86367
5571,40.7283952,-73.8581959
5572,40.728478,-73.85173
5573,40.728289,-73.847212
5574,40.72829,-73.842058
5575,40.7276296,-73.8368806
5576,40.7280355,-73.8317276
5577,40.728109,-73.824697
5578,40.72792,-73.820121
5579,40.7281126,-73.8144585
5580,40.728073,-73.808958
5581,40.728029,-73.803083
5582,40.727485,-73.797512
5583,40.7286416,-73.7919438
5584,40.7277949,-73.7857018
5585,40.728425,-73.780799
5586,40.72843,-73.776728
5587,40.7286831,-73.7679714
5588,40.7297618,-73.7628089
5589,40.728034,-73.758299
5590,40.7287551,-73.7536427
5591,40.728027,-73.747635
5592,40.727263,-73.740767
5593,40.7285987,-73.7363118
5594,40.72874,-73.730302
5595,40.728543,-73.725489
5596,40.728467,-73.719291
5597,40.728736,-73.71467
5598,40.7276982,-73.7085883
5644,40.7326715,-74.0086061
5645,40.732841,-74.002124
5646,40.7322515,-73.9963626
5647,40.732449,-73.991289
5648,40.732353,-73.9849374
5649,40.732664,-73.9816006
5650,40.7323695,-73.9743536
5652,40.7323732,-73.9616528
5653,40.7327225,-73.9580639
5654,40.7325692,-73.9520892
5655,40.731425,-73.9464
5656,40.7326608,-73.9427807
5657,40.7316052,-73.9374794
5659,40.7322527,-73.924518
5660,40.7323856,-73.9195024
5662,40.733478,-73.906874
5663,40.7321076,-73.9025638
5664,40.732125,-73.897237
5665,40.73264,-73.890423
5666,40.73209,-73.88604
5667,40.731997,-73.88095
5668,40.731884,-73.875782
5669,40.7321549,-73.869491
5670,40.731951,-73.863424
5671,40.7323008,-73.8582582
5672,40.732427,-73.853901
5673,40.732283,-73.846667
5674,40.7322463,-73.8428486
5675,40.7324093,-73.8356731
5676,40.731556,-73.82892
5677,40.7326789,-73.8247601
5678,40.731939,-73.81959
5679,40.7320754,-73.8148433
5680,40.7320039,-73.8080261
5681,40.733027,-73.803068
5682,40.732822,-73.797663
5683,40.7330536,-73.7919956
5684,40.731972,-73.786499
5685,40.7317793,-73.7803461
5686,40.732963,-73.775886
5687,40.7318506,-73.7700889
5688,40.7320887,-73.7645168
5689,40.7316,-73.757979
5690,40.732821,-73.753418
5691,40.732369,-73.748037
5692,40.7318038,-73.7416991
5693,40.7328472,-73.7358041
5694,40.732867,-73.732186
5695,40.732689,-73.725283
5696,40.732316,-73.719231
5697,40.7320771,-73.7142894
5698,40.733101,-73.708693
5699,40.7319,-73.705325
5744,40.7361909,-74.0083227
5745,40.7364365,-74.0019538
5746,40.736668,-73.997341
5747,40.7371276,-73.9903368
5748,40.7370531,-73.9865444
5749,40.7372187,-73.9813983
5750,40.7369776,-73.9749044
5752,40.7345901,-73.9611415
5753,40.7364566,-73.9582016
5754,40.7368372,-73.9526416
5755,40.7362842,-73.9487085
5756,40.7370073,-73.9428
5757,40.7366879,-73.93585
5758,40.7369917,-73.930661
5759,40.7360478,-73.9248787
5760,40.7373652,-73.9189029
5762,40.7366977,-73.9081856
5763,40.7370763,-73.9027771
5764,40.7361999,-73.8968733
5765,40.7367361,-73.8922953
5766,40.736939,-73.886567
5767,40.7371407,-73.8803553
5768,40.736999,-73.875247
5769,40.7365239,-73.8700958
5770,40.7371697,-73.8640292
5771,40.736376,-73.8590479
5772,40.7367687,-73.8524686
5773,40.7364584,-73.8483784
5775,40.7361315,-73.8367938
5776,40.7374097,-73.829456
5777,40.7351223,-73.8253244
5778,40.7384159,-73.8170967
5779,40.7362,-73.813387
5780,40.736921,-73.80857
5781,40.7367,-73.802823
5782,40.736493,-73.797419
5783,40.736712,-73.791743
5784,40.735854,-73.785622
5785,40.7363075,-73.7807152
5786,40.735604,-73.775154
5787,40.7374751,-73.7689652
5788,40.7359653,-73.7625231
5789,40.735546,-73.758853
5790,40.736603,-73.753272
5791,40.7356284,-73.7477389
5792,40.7367126,-73.7425322
5793,40.735829,-73.736029
5795,40.7360707,-73.7263626
5796,40.736794,-73.71992
5797,40.7361327,-73.7139017
5798,40.73714,-73.70922
5799,40.736244,-73.702966
5844,40.7402946,-74.0079644
5845,40.7404441,-74.0019879
5846,40.741056,-73.997862
5847,40.7402701,-73.9905315
5848,40.7408251,-73.9858246
5849,40.7413442,-73.9813061
5850,40.7405824,-73.9756299
5852,40.7397865,-73.9613169
5853,40.7408018,-73.9593763
5854,40.7404357,-73.9524269
5855,40.7406907,-73.9473805
5856,40.7404918,-73.942527
5857,40.7403476,-73.9363475
5858,40.7406064,-73.9306041
5859,40.7399626,-73.9250345
5860,40.7411631,-73.9190999
5861,40.7405496,-73.9144419
5862,40.740745,-73.907784
5863,40.7411223,-73.9027471
5864,40.7403627,-73.8974377
5865,40.740517,-73.892351
5866,40.740577,-73.88559
5867,40.7410022,-73.8801276
5868,40.7406134,-73.8750529
5869,40.74057,-73.869248
5870,40.740472,-73.864411
5871,40.7408018,-73.858758
5872,40.74071,-73.85264
5873,40.7402553,-73.8476878
5874,40.7414281,-73.8418405
5875,40.7404356,-73.8369122
5876,40.740953,-73.83122
5877,40.7403786,-73.8249851
5878,40.7405979,-73.8194055
5879,40.740746,-73.814023
5880,40.740529,-73.808333
5881,40.7403833,-73.8044895
5882,40.740564,-73.797268
5883,40.741017,-73.79179
5884,40.7406459,-73.7864982
5885,40.740745,-73.78087
5886,40.739712,-73.775292
5887,40.740528,-73.7697033
5888,40.7406794,-73.7642863
5889,40.740827,-73.7583587
5890,40.740838,-73.754634
5891,40.740347,-73.746578
5892,40.7400918,-73.743857
5893,40.7408373,-73.7365459
5894,40.7405803,-73.7297038
5895,40.7403889,-73.7258467
5896,40.74102,-73.7195395
5897,40.740221,-73.714265
5898,40.741384,-73.708846
5899,40.740322,-73.703505
5944,40.7446855,-74.0082567
5945,40.7446399,-74.0027323
5946,40.7453054,-73.998472
5947,40.7448072,-73.9914152
5948,40.7446313,-73.9852432
5949,40.7451153,-73.9806499
5950,40.7445022,-73.9752025
5951,40.745191,-73.9709232
5953,40.7448287,-73.957904
5954,40.7448067,-73.9534089
5955,40.7450853,-73.9475086
5956,40.7451988,-73.9420334
5957,40.7450749,-73.9363505
5958,40.7447128,-73.9307236
5959,40.7440628,-73.9251476
5960,40.7450293,-73.9192737
5961,40.7448386,-73.9136272
5962,40.7451463,-73.90843
5963,40.744633,-73.902626
5964,40.7445943,-73.8968923
5965,40.745117,-73.892005
5966,40.7446483,-73.8866307
5967,40.7446291,-73.8812142
5968,40.745461,-73.875827
5969,40.745242,-73.869288
5970,40.745088,-73.8643824
5971,40.744783,-73.8590706
5972,40.7448031,-73.8523432
5973,40.7447768,-73.8473828
5975,40.7448884,-73.8359844
5976,40.745127,-73.831422
5977,40.7452,-73.824891
5978,40.744585,-73.819646
5979,40.744555,-73.813785
5981,40.7464651,-73.8032901
5982,40.743173,-73.7955482
5983,40.744971,-73.791673
5984,40.745036,-73.78665
5985,40.744555,-73.78039
5986,40.7440779,-73.7750271
5987,40.7453899,-73.7698029
5988,40.744994,-73.764329
5989,40.7445612,-73.7589852
5990,40.7444092,-73.7533865
5991,40.745232,-73.747713
5993,40.7455233,-73.735502
5994,40.7457199,-73.7308118
5995,40.7436934,-73.7253361
5996,40.74493,-73.720096
5997,40.744279,-73.713823
5998,40.745249,-73.709309
5999,40.744547,-73.703087
6044,40.7481885,-74.0076356
6045,40.748974,-74.003236
6046,40.748435,-73.996192
6047,40.749101,-73.992006
6048,40.7484355,-73.984557
6049,40.7490228,-73.9800466
6050,40.7491249,-73.9745165
6051,40.7487771,-73.9697356
6053,40.748525,-73.9568933
6054,40.7490527,-73.9522085
6055,40.7488584,-73.9471114
6056,40.748902,-73.9421415
6057,40.7493056,-73.936619
6058,40.74705,-73.9293295
6059,40.747433,-73.925485
6060,40.7493498,-73.9193711
6061,40.749034,-73.914668
6062,40.748828,-73.908901
6063,40.7497,-73.90256
6064,40.7491498,-73.8972321
6065,40.7489624,-73.8918123
6066,40.7495482,-73.8861758
6067,40.748025,-73.880206
6068,40.748614,-73.874629
6069,40.749157,-73.869425
6070,40.748989,-73.8638
6071,40.749353,-73.858059
6072,40.7487676,-73.8543704
6073,40.7489058,-73.8488153
6075,40.7484791,-73.835066
6076,40.749026,-73.830609
6077,40.749348,-73.825844
6078,40.749223,-73.820585
6079,40.7489095,-73.8140855
6080,40.748779,-73.80976
6081,40.7490791,-73.8027635
6082,40.7491541,-73.7978514
6083,40.7490348,-73.7922102
6084,40.748318,-73.786181
6085,40.748847,-73.781374
6086,40.749487,-73.775593
6087,40.749118,-73.770354
6088,40.7489664,-73.7641712
6089,40.748851,-73.759021
6090,40.7491511,-73.753512
6091,40.749538,-73.747758
6092,40.7499896,-73.7410367
6093,40.749168,-73.7363935
6094,40.7485506,-73.7304591
6095,40.7506863,-73.7241053
6096,40.7493615,-73.7199558
6097,40.7490826,-73.7148152
6098,40.7488654,-73.7088428
6099,40.7486184,-73.7026472
6144,40.7530959,-74.0072963
6145,40.7532765,-74.0038197
6146,40.7527349,-73.996798
6147,40.7534779,-73.9925251
6148,40.7529437,-73.9854836
6149,40.7534805,-73.9808792
6150,40.752741,-73.975102
6151,40.7529893,-73.9698968
6152,40.7531937,-73.9637348
6154,40.7524399,-73.9509023
6155,40.7531892,-73.9467482
6156,40.753459,-73.941406
6157,40.752672,-73.936402
6158,40.7529723,-73.9304956
6159,40.7524291,-73.924351
6160,40.7535991,-73.9190672
6161,40.7534588,-73.9134813
6162,40.7532202,-73.9075921
6163,40.7525755,-73.9022765
6164,40.752459,-73.897148
6165,40.7530727,-73.8915473
6166,40.7536102,-73.8859426
6167,40.752285,-73.880034
6168,40.752763,-73.875386
6169,40.753747,-73.8698005
6170,40.753262,-73.864446
6171,40.7537804,-73.8578097
6172,40.7533667,-73.8530101
6173,40.7518562,-73.8472112
6174,40.7526591,-73.8415751
6175,40.7525102,-73.8363853
6176,40.752339,-73.83116
6177,40.7530023,-73.8255043
6178,40.752937,-73.819778
6179,40.752604,-73.814651
6180,40.75406,-73.808619
6181,40.753699,-73.803007
6182,40.753871,-73.797325
6183,40.7530513,-73.7923016
6184,40.752532,-73.7860852
6185,40.7533222,-73.780576
6186,40.753354,-73.775355
6187,40.752812,-73.770033
6188,40.7534739,-73.7645511
6189,40.7530175,-73.7589161
6190,40.753274,-73.753473
6191,40.7529495,-73.7473668
6192,40.752709,-73.7414538
6193,40.7525494,-73.7369771
6194,40.7527986,-73.7286339
6195,40.753327,-73.725576
6196,40.7540523,-73.7189484
6197,40.753131,-73.71527
6198,40.7527041,-73.7075459
6199,40.7535329,-73.7036227
6245,40.7564426,-74.0014797
6246,40.7571357,-73.9970821
6247,40.756567,-73.990276
6248,40.7573424,-73.9860116
6249,40.7580163,-73.9817975
6250,40.7572198,-73.9740765
6251,40.7570956,-73.9698449
6252,40.7570205,-73.9638565
6253,40.7578199,-73.9594365
6254,40.7575114,-73.9537902
6255,40.7565182,-73.9472123
6256,40.758111,-73.940862
6257,40.757393,-73.935465
6258,40.7569662,-73.9305722
6259,40.7566393,-73.9253159
6260,40.7563088,-73.9200593
6261,40.7567261,-73.9142231
6262,40.7572058,-73.90827
6263,40.7574725,-73.9027867
6264,40.7565062,-73.8969146
6265,40.7570934,-73.8913325
6266,40.7575809,-73.8866669
6267,40.7581704,-73.8811039
6268,40.7566447,-73.8751419
6269,40.7572355,-73.8695045
6270,40.7577353,-73.863714
6271,40.7567188,-73.8579419
6272,40.7576879,-73.852259
6273,40.7574519,-73.8487361
6274,40.7578711,-73.8421161
6275,40.7576835,-73.836603
6276,40.756481,-73.831349
6277,40.757667,-73.825173
6278,40.7568761,-73.81955
6279,40.757391,-73.813703
6280,40.756692,-73.808257
6281,40.756324,-73.803595
6282,40.758234,-73.797674
6283,40.756949,-73.791902
6284,40.7579024,-73.7866344
6285,40.757186,-73.780877
6286,40.756906,-73.776347
6287,40.7569606,-73.7705397
6288,40.757521,-73.76475
6289,40.7568824,-73.7581565
6290,40.756863,-73.753158
6291,40.7576086,-73.7477778
6292,40.7573234,-73.7416667
6293,40.757103,-73.736569
6294,40.756785,-73.730752
6295,40.756179,-73.726356
6296,40.7577313,-73.7206537
6297,40.7553342,-73.7153705
6298,40.7556612,-73.7087021
6344,40.7624689,-74.0099717
6345,40.7612999,-74.0019433
6346,40.7610298,-73.9966945
6347,40.7609866,-73.990767
6348,40.7616677,-73.9865661
6349,40.7611565,-73.9795126
6350,40.7616758,-73.9749271
6351,40.7609304,-73.9691328
6352,40.7612397,-73.9639021
6353,40.7611816,-73.9579018
6354,40.7603685,-73.9517388
6355,40.7624373,-73.9479808
6356,40.7616908,-73.9416136
6357,40.761344,-73.935396
6358,40.7612187,-73.9305792
6359,40.7615965,-73.9245807
6360,40.7620698,-73.9186812
6361,40.7612436,-73.9149432
6362,40.7608999,-73.9085969
6363,40.7605568,-73.9022846
6364,40.7609974,-73.8977295
6365,40.760631,-73.891975
6366,40.761216,-73.886397
6367,40.761807,-73.880818
6368,40.761264,-73.874996
6369,40.761008,-73.86915
6370,40.7611882,-73.8641576
6371,40.7604273,-73.8576518
6372,40.7595865,-73.8536851
6373,40.7605612,-73.8466381
6374,40.760733,-73.842145
6375,40.7614032,-73.8352505
6376,40.761548,-73.831119
6377,40.760994,-73.824422
6378,40.761473,-73.818078
6379,40.761512,-73.814396
6380,40.7611307,-73.8085978
6381,40.7614693,-73.8028635
6382,40.761412,-73.797238
6383,40.761732,-73.79177
6384,40.761359,-73.78613
6385,40.7620095,-73.7811855
6386,40.7616281,-73.7759435
6387,40.7614464,-73.7699455
6388,40.7611527,-73.7638696
6389,40.7619598,-73.7584639
6390,40.760582,-73.7538919
6392,40.761027,-73.742342
6393,40.761424,-73.735682
6394,40.761267,-73.731326
6395,40.761625,-73.725273
6396,40.761016,-73.72076
6397,40.7602097,-73.7141688
6446,40.7654893,-73.997582
6447,40.7653085,-73.9913292
6448,40.7659937,-73.9871254
6449,40.765521,-73.980036
6450,40.7656797,-73.976244
6451,40.7654664,-73.9700424
6452,40.7653085,-73.9638433
6453,40.7652359,-73.9578431
6454,40.7652696,-73.9521462
6455,40.7647677,-73.9471386
6456,40.7655268,-73.9402806
6457,40.7659009,-73.9360169
6458,40.7660654,-73.9308933
6459,40.7651045,-73.9250575
6460,40.7657719,-73.9189932
6461,40.7654868,-73.9137055
6462,40.7660932,-73.9077232
6463,40.765963,-73.903417
6464,40.7668066,-73.8970632
6465,40.7657014,-73.8918382
6466,40.7649835,-73.8861314
6467,40.765497,-73.8811501
6468,40.7660942,-73.8755133
6469,40.7659915,-73.8700523
6470,40.7657485,-73.8640766
6471,40.7639804,-73.8611674
6474,40.7639027,-73.8410203
6475,40.7650974,-73.8370012
6476,40.764712,-73.830686
6477,40.765826,-73.823727
6478,40.7651396,-73.8194286
6479,40.7651744,-73.8141263
6480,40.7658736,-73.8088857
6481,40.765433,-73.803295
6482,40.76499,-73.797693
6483,40.764546,-73.792072
6484,40.765244,-73.786004
6485,40.765622,-73.781135
6486,40.765775,-73.775143
6487,40.765662,-73.769961
6488,40.765453,-73.76414
6489,40.7647567,-73.758627
6491,40.7645226,-73.747072
6492,40.7655261,-73.7421955
6493,40.765542,-73.737066
6494,40.765433,-73.730971
6495,40.7658002,-73.7247725
6496,40.7641061,-73.7208873
6546,40.7690007,-73.9953043
6547,40.7696336,-73.9918836
6548,40.769231,-73.9847685
6549,40.7699178,-73.9805837
6550,40.7688761,-73.9723598
6551,40.7692758,-73.9693618
6552,40.7697588,-73.9646978
6553,40.7694904,-73.9578623
6554,40.7694509,-73.9518664
6555,40.7703078,-73.9477641
6556,40.7697013,-73.9412786
6557,40.769526,-73.935227
6558,40.7700484,-73.9305722
6559,40.769259,-73.9245977
6560,40.770309,-73.918998
6561,40.76934,-73.9138905
6562,40.7698508,-73.9083462
6563,40.7703255,-73.9024732
6564,40.7701345,-73.8973903
6565,40.7687426,-73.8915555
6566,40.7693612,-73.8856481
6567,40.7694267,-73.8802893
6568,40.7698983,-73.8760203
6569,40.7696059,-73.8692574
6570,40.7695926,-73.8641678
6573,40.7696596,-73.8471764
6574,40.7696366,-73.8421282
6575,40.7693205,-73.8357316
6576,40.769332,-73.830186
6577,40.769286,-73.824443
6578,40.770026,-73.819215
6579,40.77019,-73.81383
6580,40.769781,-73.808355
6581,40.769339,-73.802761
6582,40.768897,-73.79716
6583,40.7695597,-73.7923502
6584,40.770485,-73.786685
6585,40.769671,-73.780277
6586,40.769481,-73.774922
6587,40.769738,-73.770169
6588,40.769594,-73.763992
6589,40.7692795,-73.7610432
6590,40.769463,-73.753082
6591,40.768609,-73.747729
6592,40.77035,-73.742271
6593,40.7696909,-73.7362926
6594,40.7700416,-73.7313535
6595,40.7680071,-73.7277175
6647,40.7744841,-73.9914364
6648,40.7735306,-73.9853181
6649,40.774231,-73.9811332
6650,40.7749199,-73.9769198
6651,40.7724555,-73.9670325
6652,40.7737351,-73.9640105
6653,40.7736031,-73.9578018
6654,40.7736593,-73.9517225
6655,40.7739755,-73.9485489
6656,40.7756198,-73.9442812
6657,40.7736096,-73.9360143
6658,40.7739765,-73.9310519
6659,40.7734857,-73.9249433
6660,40.7729598,-73.9202731
6661,40.773449,-73.913974
6662,40.7743639,-73.908192
6663,40.7736671,-73.902381
6664,40.7734249,-73.8973655
6665,40.773459,-73.8913561
6666,40.7738359,-73.8861701
6667,40.7717118,-73.8781526
6668,40.7734423,-73.8758789
6669,40.771907,-73.8695846
6673,40.7738037,-73.8464636
6674,40.774305,-73.841838
6675,40.7727919,-73.8371403
6676,40.7736668,-73.8306293
6677,40.773774,-73.824677
6678,40.773781,-73.8196506
6679,40.7735284,-73.8138376
6680,40.77393,-73.809745
6681,40.77419,-73.803985
6682,40.773684,-73.7975957
6683,40.7740069,-73.7922495
6684,40.77415,-73.78578
6685,40.7733763,-73.7810301
6686,40.773673,-73.774814
6687,40.773698,-73.770264
6688,40.7717259,-73.7639574
6690,40.773419,-73.75275
6691,40.774144,-73.747553
6692,40.7737808,-73.74194
6693,40.774004,-73.737134
6694,40.7718819,-73.7332648
6747,40.7774787,-73.9888384
6748,40.7784773,-73.9854454
6749,40.778601,-73.98161
6750,40.7775416,-73.9749993
6752,40.7776743,-73.9632228
6753,40.778196,-73.9585432
6754,40.7778838,-73.9517401
6755,40.7781772,-73.9484255
6756,40.7768958,-73.9433989
6757,40.7771477,-73.9356773
6758,40.7761124,-73.9299349
6759,40.776883,-73.92331
6760,40.7781512,-73.9196542
6761,40.7782972,-73.9137636
6762,40.777983,-73.908477
6763,40.7774637,-73.9030968
6764,40.777253,-73.897981
6765,40.7772485,-73.8929311
6773,40.7786096,-73.847034
6774,40.7786105,-73.8415656
6775,40.7786234,-73.8388731
6776,40.7761193,-73.8284621
6777,40.778714,-73.824889
6778,40.777865,-73.819501
6779,40.777905,-73.814663
6780,40.778119,-73.809163
6781,40.7781182,-73.8029523
6782,40.777895,-73.797814
6783,40.777246,-73.791426
6784,40.777498,-73.786421
6785,40.7774188,-73.7803958
6786,40.7779,-73.775724
6787,40.778322,-73.768999
6790,40.777947,-73.752878
6791,40.778407,-73.747267
6792,40.7774338,-73.7428082
6848,40.7816278,-73.9867391
6849,40.7824512,-73.9807232
6850,40.7819606,-73.9754991
6851,40.7827163,-73.971237
6852,40.7815194,-73.9627249
6853,40.7821666,-73.9578583
6854,40.7820567,-73.9537232
6855,40.7823112,-73.9485053
6856,40.7828748,-73.9437833
6858,40.7829307,-73.9308953
6860,40.7830722,-73.9190845
6861,40.7815826,-73.9135851
6862,40.7814,-73.9086873
6863,40.780123,-73.902062
6864,40.7806408,-73.8979058
6871,40.7837795,-73.8574531
6872,40.7839454,-73.8531648
6873,40.7816849,-73.847763
6874,40.7816815,-73.8414122
6875,40.781662,-73.8367022
6877,40.7817186,-73.8257011
6878,40.781664,-73.818979
6879,40.782,-73.814104
6880,40.782282,-73.808602
6881,40.781835,-73.802938
6882,40.782099,-73.797237
6883,40.7824821,-73.7924663
6884,40.7817904,-73.7850295
6885,40.782058,-73.781617
6886,40.782783,-73.775645
6887,40.7813886,-73.7718651
6890,40.781453,-73.752645
6891,40.781468,-73.749966
6948,40.7856025,-73.9841323
6949,40.786304,-73.9797464
6950,40.7863627,-73.9759753
6951,40.7859742,-73.9688537
6953,40.7859791,-73.957172
6954,40.7865093,-73.9524444
6955,40.7865037,-73.9483878
6956,40.786438,-73.942395
6957,40.7849334,-73.9351368
6958,40.7869316,-73.9312194
6959,40.784562,-73.9268492
6961,40.7855313,-73.9145433
6966,40.7868778,-73.8850605
6971,40.7855994,-73.8569034
6972,40.7857404,-73.8532798
6973,40.7859409,-73.8477609
6974,40.7867209,-73.8420266
6975,40.7862875,-73.8363247
6976,40.7862502,-73.8309059
6977,40.7866982,-73.825325
6978,40.7862369,-73.8201225
6979,40.7862605,-73.8135124
6980,40.786279,-73.8090044
6981,40.7861675,-73.8025716
6982,40.786232,-73.797816
6983,40.7854782,-73.7921462
6984,40.7857234,-73.787481
6985,40.785745,-73.780424
6986,40.785523,-73.776536
7049,40.7899463,-73.9803596
7050,40.7901845,-73.9749558
7051,40.7903176,-73.9694076
7052,40.7909985,-73.9651883
7053,40.7893529,-73.9570893
7054,40.7904162,-73.951839
7055,40.7903181,-73.9476894
7056,40.7906269,-73.9424329
7057,40.7904084,-73.9367296
7059,40.7899969,-73.9258576
7072,40.7899927,-73.8518246
7073,40.790196,-73.8471418
7074,40.7907236,-73.841801
7075,40.7891936,-73.8381689
7076,40.7897098,-73.8315117
7077,40.7897033,-73.826114
7078,40.790352,-73.8198322
7079,40.790733,-73.814559
7080,40.7901737,-73.8075306
7081,40.790442,-73.801928
7082,40.790091,-73.797477
7083,40.7915447,-73.7932331
7084,40.7897661,-73.785955
7085,40.7906644,-73.7816656
7086,40.790313,-73.7757015
7087,40.7891593,-73.7720208
7150,40.7939557,-73.9741657
7151,40.7947346,-73.9698719
7152,40.794787,-73.964303
7154,40.793608,-73.951602
7155,40.7942889,-73.947075
7156,40.7947603,-73.9423475
7157,40.7947105,-73.936353
7158,40.7949399,-73.9302797
7159,40.7931998,-73.9230503
7160,40.7953649,-73.9198479
7173,40.7929734,-73.8475832
7174,40.793927,-73.8425487
7175,40.7927914,-73.8382572
7176,40.796346,-73.8287758
7177,40.7943844,-73.8244856
7178,40.7954191,-73.8199868
7179,40.794464,-73.813561
7180,40.7937214,-73.8070419
7181,40.7944372,-73.8032484
7182,40.79397,-73.797491
7183,40.7931427,-73.7934347
7185,40.7945802,-73.7805749
7186,40.7944281,-73.7747823
7250,40.7973911,-73.9755288
7251,40.7985155,-73.9691051
7252,40.7985681,-73.9633705
7253,40.7993567,-73.9590861
7254,40.7982754,-73.9525303
7255,40.7981256,-73.9483211
7256,40.7986336,-73.9416222
7257,40.7989421,-73.9363574
7258,40.7976374,-73.9312818
7259,40.799116,-73.9250547
7260,40.798203,-73.919426
7261,40.799258,-73.91206
7262,40.7995011,-73.9092296
7277,40.7972498,-73.823487
7278,40.7989575,-73.8188558
7279,40.7974045,-73.8150172
7351,40.802938,-73.96956
7352,40.8029617,-73.963849
7353,40.8031025,-73.9582337
7354,40.8028555,-73.952687
7355,40.8033044,-73.9486636
7356,40.8025533,-73.9410458
7357,40.8030279,-73.9363134
7358,40.8026123,-73.9307862
7359,40.8045502,-73.9267883
7360,40.8029288,-73.92028
7361,40.8031161,-73.9146403
7362,40.8028065,-73.9084888
7363,40.8039387,-73.9054777
7366,40.804813,-73.884901
7367,40.8030808,-73.8780788
7368,40.8034251,-73.8737393
7369,40.8046585,-73.8721416
7383,40.804622,-73.7923977
7451,40.8069791,-73.9674745
7452,40.8073049,-73.9642951
7453,40.8074173,-73.9584103
7454,40.806709,-73.952857
7455,40.8065066,-73.946526
7456,40.807089,-73.9417696
7457,40.8069238,-73.9355669
7458,40.8077146,-73.9295664
7459,40.8068775,-73.925465
7460,40.8068867,-73.9197215
7461,40.806942,-73.913746
7462,40.8071509,-73.9082144
7463,40.8050367,-73.9022444
7465,40.8080454,-73.8896031
7466,40.8065796,-73.8863215
7467,40.8074149,-73.8808037
7468,40.8079061,-73.8773837
7469,40.8084413,-73.8719962
7471,40.80664,-73.85828
7472,40.807104,-73.8529653
7473,40.8057002,-73.8487608
7476,40.8084468,-73.8327451
7482,40.8068745,-73.796845
7483,40.8064666,-73.7917267
7551,40.8105617,-73.967223
7552,40.8113373,-73.9639549
7553,40.8106334,-73.9582686
7554,40.8107673,-73.9525905
7555,40.8109249,-73.9470064
7556,40.8115326,-73.9426361
7557,40.8115063,-73.9364361
7558,40.810883,-73.9308638
7559,40.810729,-73.9246451
7560,40.8116518,-73.9210184
7561,40.810994,-73.914847
7562,40.811399,-73.907764
7563,40.810917,-73.902718
7564,40.8116349,-73.8956235
7565,40.811369,-73.89148
7566,40.8101974,-73.8863123
7567,40.8110593,-73.8806594
7568,40.8100073,-73.8762198
7569,40.8090058,-73.8721446
7570,40.812727,-73.863425
7571,40.8111012,-73.8586591
7572,40.810861,-73.852456
7573,40.8115475,-73.8473351
7575,40.8114501,-73.8353769
7577,40.812188,-73.8247504
7580,40.8120015,-73.8070332
7581,40.811165,-73.803446
7652,40.8153803,-73.9641546
7653,40.815168,-73.9585365
7654,40.8150729,-73.9529724
7655,40.815207,-73.947489
7656,40.8148176,-73.9404415
7657,40.8153391,-73.9357666
7658,40.8153306,-73.9306114
7659,40.8151495,-73.9254639
7660,40.8150883,-73.9194594
7661,40.8150666,-73.9130445
7662,40.8151104,-73.9084017
7663,40.8153061,-73.9026185
7664,40.8149357,-73.8976453
7665,40.814999,-73.892562
7666,40.8151506,-73.8863993
7667,40.8152284,-73.8817428
7669,40.8147859,-73.8682221
7670,40.814658,-73.864255
7671,40.815405,-73.858703
7672,40.816088,-73.85362
7673,40.814826,-73.847054
7674,40.8169055,-73.8397485
7675,40.8153417,-73.8359354
7676,40.8148855,-73.8283923
7677,40.8157586,-73.8258384
7678,40.815142,-73.820149
7679,40.81555,-73.813839
7680,40.815522,-73.8085563
7681,40.8155396,-73.8040383
7682,40.8163748,-73.7993364
7752,40.8180007,-73.9618103
7753,40.8193946,-73.9593697
7754,40.818932,-73.9522115
7755,40.8192188,-73.9470312
7756,40.8191327,-73.9410141
7757,40.819742,-73.9366464
7758,40.8193461,-73.9306365
7759,40.8192967,-73.9240423
7760,40.8191245,-73.9199259
7761,40.819542,-73.91352
7762,40.818759,-73.90875
7763,40.8189087,-73.903114
7764,40.819503,-73.897887
7765,40.818894,-73.892278
7766,40.819126,-73.8857711
7767,40.8211802,-73.8812425
7768,40.8196285,-73.8761409
7769,40.818371,-73.868983
7770,40.819083,-73.863705
7771,40.8197385,-73.8587898
7772,40.818212,-73.8541391
7773,40.8190781,-73.8480424
7774,40.8198386,-73.8419415
7775,40.8192834,-73.8363263
7777,40.8202159,-73.8253586
7778,40.8198593,-73.8198556
7779,40.8198265,-73.8138392
7780,40.8193061,-73.808372
7781,40.8179213,-73.8039161
7853,40.8226363,-73.957693
7854,40.8233117,-73.9528694
7855,40.8233637,-73.9471685
7856,40.8235077,-73.9414281
7857,40.8241529,-73.937135
7858,40.824433,-73.9310052
7859,40.8235052,-73.9245299
7860,40.8238624,-73.9194039
7861,40.823578,-73.914166
7862,40.8233804,-73.9091028
7863,40.8227211,-73.9031434
7864,40.8238447,-73.8973115
7865,40.823079,-73.891791
7866,40.8232666,-73.8866261
7867,40.8231208,-73.8807542
7868,40.8242008,-73.8752836
7869,40.824186,-73.8694191
7870,40.823573,-73.863508
7871,40.822774,-73.858445
7872,40.823606,-73.852253
7873,40.823665,-73.8459587
7874,40.8240691,-73.8429354
7875,40.8232968,-73.8359882
7877,40.82438,-73.8254793
7878,40.8228473,-73.8194727
7879,40.823993,-73.812513
7880,40.822904,-73.808646
7954,40.8270794,-73.9519791
7955,40.8271519,-73.9461917
7956,40.827823,-73.941997
7957,40.8276031,-73.9357889
7958,40.8278462,-73.9308122
7959,40.8275127,-73.9249606
7960,40.827825,-73.919336
7961,40.827556,-73.91476
7962,40.828225,-73.908604
7963,40.828384,-73.90283
7964,40.8280496,-73.8970019
7965,40.826794,-73.891913
7966,40.8276473,-73.8861181
7967,40.828432,-73.881046
7968,40.826528,-73.874875
7969,40.827298,-73.869184
7970,40.827573,-73.863458
7971,40.827146,-73.858981
7972,40.827919,-73.853261
7973,40.828003,-73.8470049
7974,40.8279641,-73.8417025
7975,40.8284194,-73.836563
7976,40.8272967,-73.8301526
7977,40.827353,-73.824625
7978,40.827414,-73.819173
7979,40.8272868,-73.8142119
8054,40.8314619,-73.9512706
8055,40.8315206,-73.946872
8056,40.8322331,-73.9424802
8057,40.8315256,-73.9356297
8058,40.831914,-73.930934
8059,40.8326303,-73.925372
8060,40.8318946,-73.9197029
8061,40.832264,-73.913681
8062,40.831768,-73.908024
8063,40.831351,-73.902303
8064,40.8319648,-73.8966918
8065,40.8318882,-73.8924992
8066,40.8309082,-73.886385
8067,40.832235,-73.880992
8068,40.831764,-73.875143
8069,40.831086,-73.869079
8070,40.8324006,-73.8645665
8071,40.8324393,-73.8586515
8072,40.8315068,-73.8538677
8073,40.8316263,-73.847812
8074,40.833123,-73.84204
8075,40.83201,-73.838106
8076,40.8317399,-73.8308984
8077,40.831677,-73.82514
8078,40.8323021,-73.8195567
8079,40.8313296,-73.8165259
8155,40.8349476,-73.9469169
8156,40.8365346,-73.9430023
8157,40.836469,-73.937023
8158,40.836094,-73.92926
8159,40.8363068,-73.9251688
8160,40.8351852,-73.9193882
8161,40.8356,-73.913793
8162,40.8362675,-73.907405
8163,40.835927,-73.902906
8164,40.8364784,-73.8977654
8165,40.835718,-73.892045
8166,40.836769,-73.885964
8167,40.8357917,-73.8816611
8168,40.8360941,-73.8752306
8169,40.8356711,-73.870001
8170,40.835437,-73.864115
8171,40.8350274,-73.858067
8172,40.836256,-73.853222
8173,40.836264,-73.847316
8174,40.836102,-73.8423573
8175,40.835837,-73.83639
8176,40.836658,-73.830591
8177,40.8358342,-73.8254173
8178,40.8362423,-73.8202287
8179,40.8359269,-73.8164407
8184,40.8379257,-73.7846327
8185,40.8376642,-73.7829067
8255,40.839232,-73.945543
8256,40.8399295,-73.9407749
8257,40.8404789,-73.9364566
8258,40.8397309,-73.9293977
8259,40.840104,-73.924782
8260,40.840648,-73.919011
8261,40.840292,-73.914351
8262,40.839965,-73.9090655
8263,40.840625,-73.903054
8264,40.84068,-73.89827
8265,40.84105,-73.892169
8266,40.840105,-73.886185
8267,40.840111,-73.8803688
8268,40.840218,-73.875417
8269,40.8396153,-73.8696194
8270,40.840037,-73.8639104
8271,40.8398094,-73.8586414
8272,40.8400973,-73.852916
8273,40.840264,-73.847156
8274,40.8405606,-73.8418653
8275,40.8401068,-73.836983
8276,40.840203,-73.830559
8277,40.8397202,-73.825003
8278,40.83994,-73.819799
8279,40.840361,-73.816539
8284,40.8400509,-73.7870988
8285,40.8401083,-73.7815918
8355,40.8448861,-73.9449014
8356,40.8440509,-73.9411456
8357,40.844201,-73.935653
8358,40.8452397,-73.9307305
8359,40.8444192,-73.9250538
8360,40.8441854,-73.919697
8361,40.843979,-73.913858
8362,40.843733,-73.908566
8363,40.844181,-73.902916
8364,40.8441707,-73.8974353
8365,40.844347,-73.892046
8366,40.8441116,-73.8861534
8367,40.843909,-73.880461
8369,40.843981,-73.869595
8370,40.844143,-73.8638
8371,40.845286,-73.858654
8372,40.843927,-73.853029
8373,40.8435591,-73.8474795
8374,40.8437192,-73.8429308
8375,40.844148,-73.8359588
8376,40.844531,-73.830624
8377,40.8443111,-73.8250923
8378,40.8441109,-73.8198607
8379,40.8442254,-73.8150774
8383,40.8449618,-73.7897487
8384,40.8444412,-73.7854351
8385,40.8455946,-73.78335
8455,40.8482061,-73.9452413
8456,40.8482177,-73.9414166
8457,40.84852,-73.935929
8458,40.8484776,-73.9306128
8459,40.8484572,-73.9245796
8460,40.848423,-73.919241
8461,40.848609,-73.913968
8462,40.8480275,-73.9085863
8463,40.8484693,-73.9022306
8464,40.8483208,-73.8973439
8465,40.848013,-73.8924254
8466,40.847878,-73.886017
8467,40.847235,-73.881998
8469,40.8476343,-73.8706742
8470,40.847981,-73.864244
8471,40.847364,-73.857895
8472,40.847874,-73.85283
8473,40.847896,-73.847216
8474,40.8499219,-73.8415242
8475,40.848406,-73.835933
8476,40.848169,-73.8311185
8477,40.8480416,-73.8268433
8478,40.8481622,-73.8191406
8479,40.8485823,-73.8162932
8483,40.8476872,-73.7911643
8484,40.8483803,-73.7868965
8485,40.8480944,-73.7827351
8554,40.8516143,-73.9520327
8556,40.8523968,-73.9412909
8557,40.852339,-73.935716
8558,40.853062,-73.930996
8559,40.8531188,-73.927239
8560,40.8526082,-73.9193183
8561,40.8538168,-73.9138534
8562,40.8526619,-73.9084301
8563,40.8525576,-73.9032804
8564,40.851969,-73.897087
8565,40.85277,-73.892167
8566,40.852243,-73.886384
8567,40.8522265,-73.8819932
8568,40.8537715,-73.8725988
8569,40.852424,-73.868722
8570,40.852339,-73.863926
8571,40.852352,-73.858512
8572,40.852264,-73.852897
8573,40.852612,-73.84811
8574,40.8526589,-73.8423149
8575,40.8522729,-73.8357451
8576,40.852399,-73.830978
8577,40.8532247,-73.8260486
8583,40.8532152,-73.7899195
8584,40.8524634,-73.7871263
8657,40.857109,-73.935602
8658,40.856077,-73.9304068
8659,40.85623,-73.926863
8660,40.8561114,-73.9173778
8661,40.8562808,-73.9139115
8662,40.856682,-73.908102
8663,40.856734,-73.902779
8664,40.85651,-73.897307
8665,40.856404,-73.892121
8666,40.856434,-73.886817
8667,40.8568118,-73.8807348
8668,40.8557907,-73.8751954
8669,40.8566842,-73.8693396
8670,40.8567278,-73.863801
8671,40.8568862,-73.8584977
8672,40.8560439,-73.8525521
8673,40.857468,-73.8479539
8674,40.855645,-73.8404545
8675,40.8565981,-73.8366389
8676,40.8562117,-73.8303429
8677,40.8566415,-73.8254254
8678,40.8568253,-73.820848
8681,40.857941,-73.8025214
8683,40.8559992,-73.7914774
8684,40.8563034,-73.7888746
8757,40.8620097,-73.9344979
8758,40.860641,-73.930771
8759,40.8610468,-73.9249627
8760,40.860527,-73.919379
8761,40.8617401,-73.9131879
8762,40.8600399,-73.9086206
8763,40.8605886,-73.9025509
8764,40.8607734,-73.8978573
8765,40.8601894,-73.8917094
8766,40.860116,-73.886731
8767,40.8610114,-73.8809822
8768,40.8587022,-73.8726548
8769,40.8613696,-73.8694385
8770,40.8612792,-73.8636539
8771,40.8611881,-73.8587781
8772,40.8610861,-73.8530296
8773,40.8609739,-73.847321
8774,40.8608711,-73.841823
8775,40.8607657,-73.8361882
8776,40.861044,-73.8309544
8777,40.8612195,-73.8251143
8778,40.8618489,-73.8205089
8781,40.8604128,-73.8029585
8858,40.8646389,-73.9309931
8859,40.8653705,-73.9243885
8860,40.864809,-73.919362
8861,40.8643376,-73.9166074
8862,40.8652923,-73.9085716
8863,40.8648738,-73.9025307
8864,40.864675,-73.896832
8865,40.864633,-73.892132
8866,40.86539,-73.886833
8867,40.8665473,-73.8813309
8868,40.8666296,-73.8735624
8869,40.865404,-73.8691409
8870,40.864655,-73.86355
8871,40.865495,-73.858673
8872,40.865388,-73.852891
8873,40.865283,-73.847185
8874,40.86518,-73.841686
8875,40.8649993,-73.8360115
8876,40.8645298,-73.8306639
8877,40.8647585,-73.8242172
8878,40.8636875,-73.8217321
8879,40.8647157,-73.8140001
8881,40.8647843,-73.8018458
8882,40.866325,-73.7960414
8883,40.8646576,-73.7946252
8958,40.8687597,-73.9311686
8959,40.868473,-73.924038
8960,40.869001,-73.92032
8961,40.868777,-73.913352
8962,40.8690202,-73.9076784
8963,40.869268,-73.9033976
8964,40.868565,-73.896561
8965,40.8692566,-73.8917235
8966,40.869475,-73.88625
8967,40.8686182,-73.8814376
8968,40.8683658,-73.8758879
8969,40.868484,-73.8693238
8970,40.8687667,-73.8643569
8971,40.868571,-73.858571
8972,40.869441,-73.852758
8973,40.8689796,-73.8477553
8974,40.8688383,-73.8423157
8975,40.8693511,-73.8365644
8976,40.8690659,-73.8304349
8977,40.8694345,-73.8261164
8978,40.8699708,-73.8200538
8979,40.8703125,-73.8135718
8980,40.8692002,-73.8100656
8981,40.867308,-73.800455
8982,40.869868,-73.798863
9060,40.873022,-73.918459
9061,40.8723563,-73.9128142
9062,40.8734051,-73.9067173
9063,40.872502,-73.902146
9064,40.8735263,-73.8982955
9065,40.874483,-73.8916201
9066,40.8733238,-73.8869151
9067,40.872891,-73.880693
9068,40.872959,-73.874938
9069,40.873261,-73.869296
9070,40.872795,-73.86431
9071,40.873067,-73.858432
9072,40.872992,-73.852657
9073,40.873881,-73.847792
9074,40.873498,-73.842471
9075,40.8734819,-73.8366324
9076,40.8721391,-73.8302292
9077,40.8736661,-73.8244384
9078,40.8726418,-73.8187658
9079,40.871617,-73.8163163
9159,40.8758382,-73.9246902
9160,40.8772422,-73.9177695
9161,40.8775096,-73.9144649
9162,40.8772238,-73.9090578
9163,40.8769437,-73.9033496
9164,40.8783669,-73.8982599
9165,40.878058,-73.892129
9166,40.877241,-73.886575
9167,40.878011,-73.880525
9168,40.87714,-73.875268
9169,40.8782251,-73.8697622
9170,40.877525,-73.864424
9171,40.8768542,-73.8589429
9172,40.8770727,-73.8525587
9173,40.876733,-73.847298
9174,40.8777329,-73.841786
9175,40.8774618,-73.8365995
9176,40.877942,-73.8317336
9177,40.8772495,-73.825012
9178,40.8757635,-73.8184568
9259,40.880517,-73.922354
9260,40.8808487,-73.9191149
9261,40.8815473,-73.9137892
9262,40.880819,-73.908399
9263,40.8816833,-73.902824
9264,40.8812508,-73.8965868
9265,40.8823005,-73.8915109
9266,40.8806688,-73.8856649
9267,40.8814895,-73.8812764
9268,40.881672,-73.875337
9269,40.8807192,-73.8691209
9270,40.8814433,-73.8639338
9271,40.881041,-73.857445
9272,40.881637,-73.854122
9273,40.8815953,-73.8470291
9274,40.8819405,-73.8421278
9275,40.8819423,-73.8369669
9276,40.8811308,-73.8313987
9277,40.8816682,-73.8254544
9278,40.8811131,-73.8222227
9279,40.8834726,-73.816077
9360,40.8855808,-73.9187665
9361,40.8853819,-73.9139345
9362,40.885314,-73.90812
9363,40.886079,-73.902499
9364,40.8856548,-73.8973325
9365,40.885072,-73.8917623
9366,40.8854287,-73.8870224
9367,40.8852241,-73.8793752
9368,40.884523,-73.877607
9370,40.885897,-73.864894
9371,40.885481,-73.858373
9372,40.885089,-73.851931
9373,40.885618,-73.8483559
9374,40.8861671,-73.8415604
9375,40.8846798,-73.8358962
9376,40.8850193,-73.8302915
9377,40.8851064,-73.8252604
9378,40.8866036,-73.8186625
9379,40.8863928,-73.8154359
9460,40.8891768,-73.9167868
9461,40.889749,-73.912904
9462,40.8893755,-73.9084853
9463,40.8891637,-73.902812
9464,40.8894533,-73.8981878
9465,40.8890322,-73.8910207
9466,40.8901462,-73.8871617
9467,40.8902859,-73.8792002
9470,40.8897168,-73.8638288
9471,40.8898935,-73.8592613
9472,40.889507,-73.852766
9473,40.890222,-73.847414
9474,40.890354,-73.841741
9475,40.8889425,-73.836425
9476,40.889596,-73.830402
9477,40.8904276,-73.8273203
9478,40.8900451,-73.819802
9479,40.8893012,-73.8166445
9560,40.89221,-73.9168747
9561,40.8940522,-73.912994
9562,40.8935667,-73.9084956
9563,40.8941708,-73.9023716
9564,40.894728,-73.897434
9566,40.892748,-73.8841227
9567,40.8943225,-73.880236
9568,40.895623,-73.875724
9570,40.8927027,-73.8639999
9571,40.8933766,-73.8573397
9572,40.893616,-73.852592
9573,40.8944358,-73.8480672
9574,40.8932864,-73.841916
9575,40.893196,-73.836149
9661,40.897567,-73.9114249
9662,40.89791,-73.9079021
9663,40.898113,-73.9025075
9664,40.8978842,-73.8970201
9665,40.8997222,-73.8916346
9667,40.8979802,-73.8797858
9668,40.898162,-73.874811
9669,40.897908,-73.87072
9670,40.897931,-73.864056
9671,40.8982596,-73.857855
9672,40.897812,-73.852616
9673,40.8988582,-73.8478567
9674,40.897462,-73.841592
9761,40.9022297,-73.9148354
9762,40.9022691,-73.9078633
9763,40.9023358,-73.9023722
9764,40.902513,-73.897558
9766,40.9029659,-73.8880983
9767,40.9035772,-73.8787613
9769,40.901559,-73.868997
9770,40.901923,-73.865599
9771,40.9011906,-73.857814
9772,40.902486,-73.852504
9773,40.9021305,-73.8476392
9774,40.902646,-73.841792
9861,40.9049251,-73.9133286
9862,40.9065438,-73.9081542
9863,40.906723,-73.903159
9864,40.906314,-73.897504
9866,40.9077236,-73.8862768
9867,40.905468,-73.877935
9872,40.9067729,-73.852915
9873,40.905879,-73.847206
9962,40.911337,-73.9065707
9963,40.9101111,-73.9032268
9964,40.9103136,-73.8976162
